Demand,Unit
7.992,GW
7.948,GW
7.752,GW
7.523,GW
7.308,GW
7.136,GW
6.89,GW
6.627,GW
6.66,GW
6.898,GW
7.196,GW
7.472,GW
7.621,GW
7.801,GW
7.807,GW
7.605,GW
7.549,GW
7.535,GW
7.619,GW
7.623,GW
7.759,GW
8.271,GW
8.369,GW
8.023,GW
7.65,GW
7.362,GW
7.118,GW
6.995,GW
6.988,GW
7.073,GW
7.25,GW
7.662,GW
8.426,GW
8.977,GW
9.351,GW
9.533,GW
9.691,GW
9.739,GW
9.797,GW
9.886,GW
9.823,GW
9.762,GW
9.453,GW
9.241,GW
9.183,GW
9.542,GW
9.433,GW
8.975,GW
8.489,GW
8.065,GW
7.787,GW
7.645,GW
7.513,GW
7.626,GW
7.775,GW
7.977,GW
8.587,GW
9.008,GW
9.273,GW
9.426,GW
9.44,GW
9.559,GW
9.781,GW
9.926,GW
9.9,GW
9.735,GW
9.516,GW
9.377,GW
9.349,GW
9.667,GW
9.62,GW
9.218,GW
8.654,GW
8.179,GW
7.931,GW
7.68,GW
7.642,GW
7.68,GW
7.902,GW
8.14,GW
8.772,GW
9.244,GW
9.572,GW
9.785,GW
9.941,GW
10.017,GW
10.152,GW
10.193,GW
10.068,GW
9.837,GW
9.635,GW
9.333,GW
9.277,GW
9.614,GW
9.529,GW
9.191,GW
9.028,GW
8.606,GW
8.227,GW
8.007,GW
7.949,GW
7.936,GW
7.865,GW
7.845,GW
8.178,GW
8.648,GW
9.011,GW
9.179,GW
9.216,GW
9.207,GW
9.229,GW
9.158,GW
9.009,GW
8.927,GW
9.025,GW
8.817,GW
8.884,GW
9.3,GW
9.237,GW
8.739,GW
8.429,GW
8.022,GW
7.718,GW
7.565,GW
7.491,GW
7.397,GW
7.381,GW
7.119,GW
7.295,GW
7.624,GW
7.912,GW
8.141,GW
8.295,GW
8.405,GW
8.431,GW
8.341,GW
8.251,GW
8.167,GW
8.164,GW
8.22,GW
8.453,GW
9.055,GW
9.027,GW
8.675,GW
8.239,GW
7.906,GW
7.68,GW
7.602,GW
7.544,GW
7.681,GW
7.896,GW
8.047,GW
8.656,GW
9.227,GW
9.52,GW
9.702,GW
9.729,GW
9.782,GW
9.903,GW
9.924,GW
9.816,GW
9.658,GW
9.627,GW
9.365,GW
9.347,GW
9.741,GW
9.592,GW
9.118,GW
8.612,GW
8.249,GW
7.982,GW
7.795,GW
7.765,GW
7.752,GW
7.939,GW
8.102,GW
8.614,GW
8.984,GW
9.276,GW
9.464,GW
9.52,GW
9.563,GW
9.616,GW
9.653,GW
9.587,GW
9.39,GW
9.136,GW
9.03,GW
9.139,GW
9.543,GW
9.4,GW
8.964,GW
8.419,GW
8.053,GW
7.776,GW
7.602,GW
7.558,GW
7.643,GW
7.81,GW
7.896,GW
8.377,GW
8.786,GW
8.936,GW
9.046,GW
9.065,GW
9.105,GW
9.2,GW
9.225,GW
9.21,GW
9.038,GW
8.847,GW
8.826,GW
8.86,GW
9.284,GW
9.277,GW
8.837,GW
8.353,GW
7.934,GW
7.719,GW
7.577,GW
7.59,GW
7.669,GW
7.833,GW
7.931,GW
8.425,GW
8.811,GW
9.082,GW
9.239,GW
9.282,GW
9.384,GW
9.583,GW
9.688,GW
9.671,GW
9.528,GW
9.242,GW
9.123,GW
9.183,GW
9.61,GW
9.541,GW
9.16,GW
8.655,GW
8.231,GW
7.928,GW
7.773,GW
7.767,GW
7.783,GW
7.949,GW
8.121,GW
8.692,GW
9.105,GW
9.413,GW
9.595,GW
9.649,GW
9.617,GW
9.692,GW
9.654,GW
9.605,GW
9.448,GW
9.238,GW
9.132,GW
9.111,GW
9.454,GW
9.411,GW
9.026,GW
8.638,GW
8.21,GW
7.922,GW
7.76,GW
7.649,GW
7.644,GW
7.676,GW
7.55,GW
7.857,GW
8.29,GW
8.579,GW
8.712,GW
8.751,GW
8.779,GW
8.807,GW
8.667,GW
8.577,GW
8.539,GW
8.459,GW
8.499,GW
8.624,GW
9.018,GW
8.985,GW
8.603,GW
8.144,GW
7.766,GW
7.496,GW
7.329,GW
7.179,GW
7.089,GW
7.08,GW
6.886,GW
7.013,GW
7.304,GW
7.659,GW
7.932,GW
8.011,GW
8.114,GW
8.113,GW
8.051,GW
8.056,GW
8.046,GW
7.992,GW
8.039,GW
8.195,GW
8.751,GW
8.788,GW
8.41,GW
7.897,GW
7.535,GW
7.257,GW
7.104,GW
7.057,GW
7.171,GW
7.444,GW
7.718,GW
8.347,GW
8.863,GW
9.194,GW
9.388,GW
9.429,GW
9.437,GW
9.49,GW
9.572,GW
9.631,GW
9.499,GW
9.223,GW
9.063,GW
9.055,GW
9.446,GW
9.301,GW
9.065,GW
8.575,GW
8.115,GW
7.839,GW
7.788,GW
7.77,GW
7.851,GW
7.965,GW
8.076,GW
8.668,GW
9.011,GW
9.251,GW
9.386,GW
9.466,GW
9.601,GW
9.68,GW
9.723,GW
9.73,GW
9.595,GW
9.348,GW
9.242,GW
9.132,GW
9.397,GW
9.356,GW
9.039,GW
8.627,GW
8.146,GW
7.875,GW
7.755,GW
7.747,GW
7.816,GW
8.02,GW
8.244,GW
8.843,GW
9.257,GW
9.489,GW
9.636,GW
9.676,GW
9.763,GW
9.809,GW
9.862,GW
9.784,GW
9.68,GW
9.424,GW
9.321,GW
9.367,GW
9.704,GW
9.625,GW
9.062,GW
8.572,GW
8.256,GW
7.953,GW
7.945,GW
7.751,GW
7.879,GW
8.078,GW
8.104,GW
8.79,GW
9.138,GW
9.504,GW
9.671,GW
9.761,GW
9.809,GW
9.933,GW
9.937,GW
9.852,GW
9.725,GW
9.545,GW
9.479,GW
9.467,GW
9.752,GW
9.736,GW
9.333,GW
8.815,GW
8.398,GW
8.004,GW
7.908,GW
7.892,GW
7.965,GW
8.15,GW
8.356,GW
8.919,GW
9.377,GW
9.713,GW
9.833,GW
9.994,GW
10.021,GW
10.158,GW
10.194,GW
10.075,GW
9.862,GW
9.687,GW
9.527,GW
9.497,GW
9.84,GW
9.776,GW
9.358,GW
8.951,GW
8.49,GW
8.184,GW
8.008,GW
7.944,GW
7.921,GW
7.865,GW
7.834,GW
8.179,GW
8.68,GW
8.986,GW
9.135,GW
9.175,GW
9.235,GW
9.139,GW
9.041,GW
8.919,GW
8.82,GW
8.781,GW
8.753,GW
8.847,GW
9.255,GW
9.054,GW
8.671,GW
8.302,GW
7.965,GW
7.705,GW
7.492,GW
7.37,GW
7.243,GW
7.258,GW
7.046,GW
7.205,GW
7.515,GW
7.821,GW
8.077,GW
8.182,GW
8.294,GW
8.345,GW
8.242,GW
8.134,GW
8.169,GW
8.296,GW
8.31,GW
8.524,GW
8.973,GW
9.04,GW
8.667,GW
8.321,GW
7.923,GW
7.692,GW
7.707,GW
7.668,GW
7.766,GW
7.977,GW
8.199,GW
8.788,GW
9.385,GW
9.708,GW
9.933,GW
9.979,GW
9.965,GW
10.09,GW
10.227,GW
10.205,GW
10.036,GW
9.729,GW
9.625,GW
9.631,GW
10.016,GW
9.884,GW
9.377,GW
8.921,GW
8.395,GW
8.113,GW
7.912,GW
7.904,GW
7.949,GW
8.135,GW
8.288,GW
8.794,GW
9.25,GW
9.554,GW
9.769,GW
9.919,GW
9.952,GW
9.991,GW
9.961,GW
9.92,GW
9.725,GW
9.482,GW
9.341,GW
9.403,GW
9.862,GW
9.748,GW
9.114,GW
8.75,GW
8.221,GW
7.896,GW
7.749,GW
7.767,GW
7.871,GW
8.057,GW
8.213,GW
8.796,GW
9.309,GW
9.598,GW
9.868,GW
9.99,GW
10.099,GW
10.173,GW
10.132,GW
10.097,GW
9.965,GW
9.645,GW
9.562,GW
9.418,GW
9.847,GW
9.729,GW
9.303,GW
8.777,GW
8.259,GW
8.072,GW
7.893,GW
7.819,GW
7.87,GW
8.039,GW
8.25,GW
8.811,GW
9.33,GW
9.73,GW
9.951,GW
10.051,GW
10.153,GW
10.28,GW
10.394,GW
10.41,GW
10.131,GW
9.803,GW
9.7,GW
9.61,GW
9.993,GW
9.864,GW
9.414,GW
8.929,GW
8.463,GW
8.186,GW
8.049,GW
7.995,GW
8.056,GW
8.304,GW
8.463,GW
9.145,GW
9.627,GW
9.944,GW
10.146,GW
10.243,GW
10.302,GW
10.425,GW
10.483,GW
10.431,GW
10.222,GW
9.891,GW
9.77,GW
9.744,GW
9.785,GW
9.633,GW
9.246,GW
9.172,GW
8.766,GW
8.414,GW
8.194,GW
8.124,GW
8.068,GW
8.077,GW
8.037,GW
8.349,GW
8.811,GW
9.208,GW
9.482,GW
9.585,GW
9.554,GW
9.502,GW
9.388,GW
9.244,GW
9.11,GW
9.113,GW
9.097,GW
9.192,GW
9.516,GW
9.442,GW
9.175,GW
8.75,GW
8.352,GW
8.016,GW
7.797,GW
7.693,GW
7.602,GW
7.498,GW
7.233,GW
7.374,GW
7.768,GW
8.057,GW
8.359,GW
8.484,GW
8.639,GW
8.711,GW
8.625,GW
8.589,GW
8.579,GW
8.596,GW
8.625,GW
8.77,GW
9.316,GW
9.338,GW
9.019,GW
8.587,GW
8.219,GW
7.999,GW
7.88,GW
7.828,GW
7.918,GW
8.174,GW
8.31,GW
8.993,GW
9.536,GW
9.947,GW
10.247,GW
10.37,GW
10.48,GW
10.607,GW
10.602,GW
10.515,GW
10.309,GW
10.019,GW
9.854,GW
9.778,GW
10.165,GW
9.989,GW
9.609,GW
9.02,GW
8.589,GW
8.258,GW
8.085,GW
8.035,GW
8.061,GW
8.327,GW
8.44,GW
8.998,GW
9.546,GW
9.797,GW
9.923,GW
9.985,GW
10.102,GW
10.231,GW
10.443,GW
10.487,GW
10.282,GW
9.983,GW
9.841,GW
9.761,GW
10.179,GW
10.006,GW
9.509,GW
8.969,GW
8.446,GW
8.205,GW
8.026,GW
7.953,GW
7.967,GW
8.111,GW
8.322,GW
8.947,GW
9.384,GW
9.691,GW
9.849,GW
10.032,GW
10.107,GW
10.286,GW
10.358,GW
10.353,GW
10.225,GW
9.959,GW
9.744,GW
9.689,GW
10.101,GW
9.894,GW
9.438,GW
8.962,GW
8.439,GW
8.139,GW
8.051,GW
8.073,GW
8.081,GW
8.266,GW
8.525,GW
9.078,GW
9.615,GW
9.998,GW
10.174,GW
10.255,GW
10.291,GW
10.466,GW
10.528,GW
10.432,GW
10.255,GW
9.976,GW
9.75,GW
9.714,GW
10.073,GW
9.876,GW
9.551,GW
9.101,GW
8.627,GW
8.284,GW
8.078,GW
8.009,GW
8.072,GW
8.311,GW
8.489,GW
9.053,GW
9.639,GW
9.998,GW
10.108,GW
10.136,GW
10.206,GW
10.382,GW
10.451,GW
10.366,GW
10.071,GW
9.737,GW
9.607,GW
9.509,GW
9.876,GW
9.717,GW
9.33,GW
8.81,GW
8.377,GW
8.033,GW
7.854,GW
7.741,GW
7.721,GW
7.87,GW
7.798,GW
8.1,GW
8.585,GW
8.916,GW
9.058,GW
9.151,GW
9.229,GW
9.2,GW
9.169,GW
9.118,GW
9.005,GW
8.881,GW
8.792,GW
8.778,GW
9.129,GW
9.045,GW
8.688,GW
8.259,GW
7.892,GW
7.606,GW
7.394,GW
7.279,GW
7.242,GW
7.313,GW
7.065,GW
7.172,GW
7.627,GW
7.872,GW
8.062,GW
8.229,GW
8.423,GW
8.46,GW
8.398,GW
8.385,GW
8.34,GW
8.317,GW
8.242,GW
8.392,GW
8.917,GW
8.813,GW
8.558,GW
8.191,GW
7.855,GW
7.567,GW
7.459,GW
7.47,GW
7.589,GW
7.937,GW
8.096,GW
8.687,GW
9.37,GW
9.714,GW
9.903,GW
9.999,GW
10.136,GW
10.206,GW
10.259,GW
10.203,GW
9.981,GW
9.793,GW
9.509,GW
9.42,GW
9.783,GW
9.581,GW
9.144,GW
8.916,GW
8.437,GW
8.117,GW
7.988,GW
7.927,GW
7.938,GW
8.228,GW
8.372,GW
8.961,GW
9.441,GW
9.729,GW
9.965,GW
10.049,GW
10.129,GW
10.28,GW
10.374,GW
10.383,GW
10.281,GW
9.998,GW
9.82,GW
9.818,GW
10.236,GW
10.057,GW
9.598,GW
9.04,GW
8.575,GW
8.259,GW
8.097,GW
8.03,GW
8.071,GW
8.283,GW
8.423,GW
8.969,GW
9.507,GW
9.829,GW
10.025,GW
10.107,GW
10.12,GW
10.265,GW
10.252,GW
10.169,GW
10.025,GW
9.803,GW
9.641,GW
9.535,GW
9.95,GW
9.708,GW
9.266,GW
8.83,GW
8.423,GW
8.144,GW
8.012,GW
7.94,GW
7.977,GW
8.175,GW
8.351,GW
8.916,GW
9.406,GW
9.667,GW
9.82,GW
9.864,GW
9.894,GW
9.988,GW
10.01,GW
10.043,GW
9.871,GW
9.653,GW
9.341,GW
9.296,GW
9.79,GW
9.583,GW
9.159,GW
8.643,GW
8.247,GW
7.943,GW
7.838,GW
7.802,GW
7.842,GW
8.056,GW
8.293,GW
8.759,GW
9.283,GW
9.583,GW
9.723,GW
9.774,GW
9.928,GW
10.053,GW
9.969,GW
9.943,GW
9.833,GW
9.53,GW
9.345,GW
9.377,GW
9.793,GW
9.575,GW
9.204,GW
8.77,GW
8.352,GW
7.989,GW
7.852,GW
7.754,GW
7.729,GW
7.797,GW
7.671,GW
7.923,GW
8.369,GW
8.714,GW
8.897,GW
8.969,GW
8.946,GW
8.976,GW
8.933,GW
8.824,GW
8.756,GW
8.708,GW
8.666,GW
8.746,GW
9.199,GW
9.057,GW
8.626,GW
8.292,GW
7.941,GW
7.566,GW
7.391,GW
7.323,GW
7.235,GW
7.201,GW
6.998,GW
7.084,GW
7.414,GW
7.768,GW
8.009,GW
8.192,GW
8.321,GW
8.312,GW
8.254,GW
8.171,GW
8.105,GW
8.108,GW
8.179,GW
8.37,GW
8.971,GW
8.769,GW
8.434,GW
8.081,GW
7.737,GW
7.515,GW
7.42,GW
7.387,GW
7.498,GW
7.742,GW
7.982,GW
8.479,GW
9.02,GW
9.383,GW
9.469,GW
9.45,GW
9.495,GW
9.607,GW
9.605,GW
9.651,GW
9.569,GW
9.334,GW
9.178,GW
9.261,GW
9.689,GW
9.434,GW
8.967,GW
8.524,GW
8.12,GW
7.81,GW
7.749,GW
7.632,GW
7.698,GW
7.96,GW
8.072,GW
8.66,GW
9.129,GW
9.403,GW
9.576,GW
9.716,GW
9.802,GW
9.878,GW
9.93,GW
9.892,GW
9.713,GW
9.406,GW
9.322,GW
9.446,GW
9.77,GW
9.559,GW
9.116,GW
8.551,GW
8.14,GW
7.818,GW
7.669,GW
7.609,GW
7.698,GW
7.83,GW
7.91,GW
8.364,GW
8.876,GW
9.049,GW
9.247,GW
9.316,GW
9.392,GW
9.547,GW
9.582,GW
9.529,GW
9.401,GW
9.152,GW
8.976,GW
9.046,GW
9.588,GW
9.353,GW
8.962,GW
8.503,GW
8.166,GW
7.908,GW
7.708,GW
7.674,GW
7.749,GW
7.95,GW
8.095,GW
8.571,GW
9.105,GW
9.376,GW
9.506,GW
9.606,GW
9.631,GW
9.826,GW
9.921,GW
9.879,GW
9.828,GW
9.61,GW
9.423,GW
9.65,GW
10.075,GW
9.825,GW
9.411,GW
8.963,GW
8.565,GW
8.244,GW
8.065,GW
8.011,GW
8.069,GW
8.344,GW
8.508,GW
8.995,GW
9.488,GW
9.848,GW
10.068,GW
10.107,GW
10.117,GW
10.213,GW
10.248,GW
10.045,GW
9.849,GW
9.616,GW
9.464,GW
9.572,GW
9.917,GW
9.648,GW
9.338,GW
8.773,GW
8.571,GW
8.293,GW
8.143,GW
8.049,GW
8.029,GW
8.067,GW
8.04,GW
8.232,GW
8.692,GW
9.021,GW
9.111,GW
9.058,GW
9.013,GW
8.986,GW
8.933,GW
8.852,GW
8.766,GW
8.818,GW
8.786,GW
8.979,GW
9.39,GW
9.16,GW
8.775,GW
8.33,GW
8.001,GW
7.726,GW
7.569,GW
7.507,GW
7.475,GW
7.433,GW
7.312,GW
7.366,GW
7.72,GW
8.048,GW
8.268,GW
8.391,GW
8.547,GW
8.622,GW
8.479,GW
8.482,GW
8.476,GW
8.512,GW
8.591,GW
8.868,GW
9.419,GW
9.244,GW
8.899,GW
8.534,GW
8.194,GW
7.945,GW
7.834,GW
7.803,GW
7.814,GW
8.071,GW
8.316,GW
8.81,GW
9.414,GW
9.704,GW
9.946,GW
10.091,GW
10.147,GW
10.234,GW
10.236,GW
10.277,GW
10.055,GW
9.781,GW
9.653,GW
9.843,GW
10.141,GW
9.828,GW
9.437,GW
9.001,GW
8.551,GW
8.276,GW
8.215,GW
8.106,GW
8.19,GW
8.401,GW
8.598,GW
9.086,GW
9.532,GW
9.819,GW
10.072,GW
10.134,GW
10.09,GW
10.25,GW
10.342,GW
10.326,GW
10.191,GW
9.924,GW
9.759,GW
9.891,GW
10.318,GW
10.022,GW
9.519,GW
9.036,GW
8.586,GW
8.283,GW
8.118,GW
7.944,GW
7.983,GW
8.188,GW
8.365,GW
8.866,GW
9.383,GW
9.66,GW
9.774,GW
9.928,GW
9.964,GW
9.999,GW
10.091,GW
10.111,GW
9.911,GW
9.626,GW
9.382,GW
9.486,GW
9.85,GW
9.638,GW
9.276,GW
8.748,GW
8.308,GW
8.056,GW
7.955,GW
7.893,GW
7.921,GW
8.108,GW
8.308,GW
8.766,GW
9.221,GW
9.46,GW
9.578,GW
9.707,GW
9.692,GW
9.845,GW
9.934,GW
9.903,GW
9.73,GW
9.474,GW
9.349,GW
9.534,GW
9.912,GW
9.689,GW
9.255,GW
8.791,GW
8.403,GW
8.095,GW
7.97,GW
7.91,GW
7.983,GW
8.297,GW
8.489,GW
8.935,GW
9.415,GW
9.716,GW
9.835,GW
9.961,GW
9.982,GW
10.069,GW
10.143,GW
10.071,GW
9.89,GW
9.631,GW
9.492,GW
9.688,GW
9.975,GW
9.717,GW
9.395,GW
8.924,GW
8.595,GW
8.25,GW
8.071,GW
8.002,GW
8.039,GW
8.081,GW
8.036,GW
8.306,GW
8.738,GW
9.091,GW
9.273,GW
9.319,GW
9.377,GW
9.259,GW
9.143,GW
9.085,GW
8.973,GW
8.88,GW
8.863,GW
9.109,GW
9.41,GW
9.091,GW
8.797,GW
8.385,GW
7.983,GW
7.716,GW
7.561,GW
7.46,GW
7.419,GW
7.406,GW
7.238,GW
7.247,GW
7.621,GW
7.957,GW
8.171,GW
8.267,GW
8.45,GW
8.484,GW
8.467,GW
8.371,GW
8.362,GW
8.341,GW
8.411,GW
8.734,GW
9.199,GW
8.968,GW
8.661,GW
8.321,GW
8.053,GW
7.783,GW
7.608,GW
7.533,GW
7.64,GW
7.897,GW
8.149,GW
8.671,GW
9.252,GW
9.636,GW
9.786,GW
9.841,GW
9.927,GW
10.024,GW
10.087,GW
10.065,GW
9.871,GW
9.584,GW
9.375,GW
9.629,GW
9.994,GW
9.726,GW
9.276,GW
8.794,GW
8.417,GW
8.128,GW
7.985,GW
7.935,GW
8.037,GW
8.255,GW
8.483,GW
8.908,GW
9.422,GW
9.701,GW
9.878,GW
9.939,GW
10.005,GW
10.144,GW
10.227,GW
10.252,GW
10.182,GW
9.911,GW
9.671,GW
9.858,GW
10.178,GW
9.52,GW
9.271,GW
8.929,GW
8.505,GW
8.175,GW
7.97,GW
7.935,GW
7.98,GW
8.304,GW
8.583,GW
8.996,GW
9.48,GW
9.741,GW
10.026,GW
10.096,GW
10.161,GW
10.267,GW
10.34,GW
10.266,GW
10.052,GW
9.837,GW
9.648,GW
9.778,GW
10.103,GW
9.896,GW
9.479,GW
8.962,GW
8.56,GW
8.195,GW
8.038,GW
8.056,GW
8.099,GW
8.341,GW
8.63,GW
9.027,GW
9.515,GW
9.768,GW
10.002,GW
10.136,GW
10.096,GW
10.152,GW
10.212,GW
10.252,GW
10.053,GW
9.844,GW
9.667,GW
9.939,GW
10.191,GW
9.833,GW
9.435,GW
8.947,GW
8.592,GW
8.299,GW
8.132,GW
8.04,GW
8.141,GW
8.389,GW
8.723,GW
9.083,GW
9.567,GW
9.815,GW
10.014,GW
10.122,GW
10.178,GW
10.274,GW
10.355,GW
10.254,GW
10.041,GW
9.82,GW
9.677,GW
9.932,GW
10.203,GW
9.89,GW
9.496,GW
9.099,GW
8.725,GW
8.376,GW
8.169,GW
8.104,GW
8.088,GW
8.131,GW
8.109,GW
8.285,GW
8.689,GW
8.995,GW
9.201,GW
9.277,GW
9.327,GW
9.301,GW
9.215,GW
9.16,GW
9.061,GW
8.953,GW
8.823,GW
9.207,GW
9.45,GW
9.103,GW
8.749,GW
8.399,GW
8.029,GW
7.789,GW
7.593,GW
7.414,GW
7.407,GW
7.431,GW
7.375,GW
7.397,GW
7.752,GW
8.018,GW
8.236,GW
8.365,GW
8.507,GW
8.547,GW
8.463,GW
8.458,GW
8.448,GW
8.494,GW
8.539,GW
9.031,GW
9.381,GW
9.146,GW
8.706,GW
8.298,GW
8.011,GW
7.8,GW
7.737,GW
7.729,GW
7.812,GW
8.204,GW
8.639,GW
8.997,GW
9.425,GW
9.724,GW
9.826,GW
9.882,GW
9.916,GW
9.986,GW
10.077,GW
10.043,GW
9.872,GW
9.649,GW
9.611,GW
9.994,GW
10.333,GW
9.95,GW
9.356,GW
8.839,GW
8.398,GW
8.141,GW
8.157,GW
8.083,GW
8.167,GW
8.617,GW
9.009,GW
9.192,GW
9.594,GW
9.773,GW
9.96,GW
9.938,GW
10.002,GW
10.19,GW
10.185,GW
10.174,GW
10.041,GW
9.802,GW
9.654,GW
9.978,GW
10.202,GW
9.816,GW
9.289,GW
8.739,GW
8.37,GW
8.146,GW
8.034,GW
8.025,GW
8.127,GW
8.527,GW
8.943,GW
9.189,GW
9.5,GW
9.613,GW
9.894,GW
9.937,GW
9.971,GW
10.136,GW
10.145,GW
10.173,GW
9.984,GW
9.706,GW
9.628,GW
9.971,GW
10.168,GW
9.733,GW
9.187,GW
8.665,GW
8.273,GW
8.074,GW
7.976,GW
7.945,GW
8.074,GW
8.486,GW
8.909,GW
9.188,GW
9.431,GW
9.564,GW
9.745,GW
9.73,GW
9.753,GW
9.955,GW
9.982,GW
10.06,GW
9.938,GW
9.673,GW
9.59,GW
9.999,GW
10.11,GW
9.767,GW
9.256,GW
8.693,GW
8.43,GW
8.227,GW
8.137,GW
8.095,GW
8.187,GW
8.641,GW
9.09,GW
9.275,GW
9.718,GW
9.884,GW
10.02,GW
9.994,GW
9.976,GW
10.053,GW
10.1,GW
10.086,GW
9.811,GW
9.653,GW
9.59,GW
9.972,GW
10.148,GW
9.777,GW
9.357,GW
8.922,GW
8.528,GW
8.312,GW
8.16,GW
8.084,GW
7.99,GW
8.1,GW
8.192,GW
8.355,GW
8.764,GW
9.045,GW
9.198,GW
9.215,GW
9.263,GW
9.265,GW
9.122,GW
9.069,GW
8.964,GW
8.868,GW
8.919,GW
9.296,GW
9.502,GW
9.229,GW
8.845,GW
8.334,GW
7.994,GW
7.743,GW
7.575,GW
7.581,GW
7.521,GW
7.472,GW
7.313,GW
7.344,GW
7.672,GW
7.944,GW
8.208,GW
8.345,GW
8.478,GW
8.467,GW
8.449,GW
8.417,GW
8.333,GW
8.333,GW
8.524,GW
9.112,GW
9.351,GW
9.05,GW
8.568,GW
8.345,GW
8.076,GW
7.866,GW
7.758,GW
7.735,GW
7.824,GW
8.292,GW
8.769,GW
9.117,GW
9.496,GW
9.675,GW
9.781,GW
9.819,GW
9.885,GW
10.065,GW
10.129,GW
10.148,GW
10.021,GW
9.77,GW
9.747,GW
10.142,GW
10.184,GW
9.786,GW
9.229,GW
8.651,GW
8.297,GW
8.145,GW
8.044,GW
8.052,GW
8.135,GW
8.643,GW
9.109,GW
9.338,GW
9.65,GW
9.783,GW
9.938,GW
10.016,GW
10.053,GW
10.107,GW
10.188,GW
10.281,GW
10.133,GW
9.876,GW
9.786,GW
10.21,GW
10.27,GW
9.844,GW
9.379,GW
8.774,GW
8.348,GW
8.196,GW
7.97,GW
7.924,GW
7.984,GW
8.48,GW
8.882,GW
9.169,GW
9.493,GW
9.622,GW
9.755,GW
9.82,GW
9.84,GW
9.969,GW
10.036,GW
9.997,GW
9.924,GW
9.596,GW
9.553,GW
9.992,GW
10.105,GW
9.655,GW
9.164,GW
8.638,GW
8.243,GW
8.011,GW
7.881,GW
7.84,GW
7.878,GW
8.377,GW
8.909,GW
9.081,GW
9.507,GW
9.558,GW
9.71,GW
9.769,GW
9.767,GW
9.861,GW
9.91,GW
9.883,GW
9.731,GW
9.417,GW
9.403,GW
9.784,GW
9.898,GW
9.51,GW
9.007,GW
8.463,GW
8.123,GW
7.878,GW
7.759,GW
7.722,GW
7.821,GW
8.347,GW
8.826,GW
9.056,GW
9.412,GW
9.546,GW
9.644,GW
9.68,GW
9.586,GW
9.795,GW
9.888,GW
9.82,GW
9.592,GW
9.354,GW
9.305,GW
9.776,GW
9.763,GW
9.455,GW
9.045,GW
8.604,GW
8.178,GW
7.918,GW
7.776,GW
7.701,GW
7.705,GW
7.79,GW
7.874,GW
8.041,GW
8.52,GW
8.83,GW
8.96,GW
8.998,GW
9.007,GW
8.958,GW
8.852,GW
8.678,GW
8.662,GW
8.647,GW
8.677,GW
9.143,GW
9.292,GW
8.982,GW
8.391,GW
8.173,GW
7.855,GW
7.601,GW
7.443,GW
7.382,GW
7.363,GW
7.314,GW
7.204,GW
7.139,GW
7.472,GW
7.851,GW
8.062,GW
8.243,GW
8.388,GW
8.429,GW
8.367,GW
8.328,GW
8.293,GW
8.258,GW
8.732,GW
8.962,GW
9.125,GW
9.045,GW
8.494,GW
8.159,GW
7.778,GW
7.587,GW
7.519,GW
7.555,GW
7.658,GW
8.177,GW
8.69,GW
8.97,GW
9.349,GW
9.57,GW
9.773,GW
9.774,GW
9.86,GW
9.981,GW
9.959,GW
9.831,GW
9.706,GW
9.46,GW
9.467,GW
10.044,GW
9.992,GW
9.543,GW
8.962,GW
8.543,GW
8.201,GW
8.057,GW
7.873,GW
7.837,GW
7.93,GW
8.433,GW
8.794,GW
8.976,GW
9.323,GW
9.454,GW
9.538,GW
9.548,GW
9.548,GW
9.574,GW
9.569,GW
9.726,GW
9.594,GW
9.421,GW
9.449,GW
9.942,GW
9.923,GW
9.477,GW
8.912,GW
8.522,GW
8.123,GW
7.911,GW
7.778,GW
7.786,GW
7.905,GW
8.459,GW
8.963,GW
9.043,GW
9.343,GW
9.494,GW
9.56,GW
9.581,GW
9.617,GW
9.707,GW
9.775,GW
9.791,GW
9.658,GW
9.556,GW
9.588,GW
10.111,GW
10.031,GW
9.593,GW
9.058,GW
8.536,GW
8.254,GW
7.994,GW
7.907,GW
7.765,GW
7.924,GW
8.436,GW
8.947,GW
9.119,GW
9.404,GW
9.517,GW
9.645,GW
9.601,GW
9.601,GW
9.715,GW
9.805,GW
9.816,GW
9.711,GW
9.489,GW
9.487,GW
9.995,GW
9.925,GW
9.52,GW
8.999,GW
8.439,GW
8.093,GW
7.897,GW
7.77,GW
7.775,GW
7.904,GW
8.457,GW
8.862,GW
9.093,GW
9.422,GW
9.59,GW
9.726,GW
9.685,GW
9.743,GW
9.855,GW
9.885,GW
9.816,GW
9.63,GW
9.473,GW
9.442,GW
9.947,GW
9.848,GW
9.534,GW
9.023,GW
8.745,GW
8.211,GW
7.95,GW
7.795,GW
7.806,GW
7.867,GW
7.971,GW
8.088,GW
8.188,GW
8.667,GW
8.988,GW
9.142,GW
9.177,GW
9.197,GW
9.107,GW
9.03,GW
8.93,GW
8.86,GW
8.862,GW
8.923,GW
9.446,GW
9.386,GW
9.013,GW
8.618,GW
8.2,GW
7.865,GW
7.541,GW
7.439,GW
7.344,GW
7.318,GW
7.374,GW
7.352,GW
7.282,GW
7.671,GW
7.977,GW
8.181,GW
8.352,GW
8.483,GW
8.416,GW
8.326,GW
8.295,GW
8.277,GW
8.378,GW
8.529,GW
9.218,GW
9.263,GW
8.967,GW
8.508,GW
8.117,GW
7.794,GW
7.686,GW
7.603,GW
7.603,GW
7.716,GW
8.288,GW
8.854,GW
9.043,GW
9.483,GW
9.642,GW
9.751,GW
9.763,GW
9.781,GW
9.911,GW
9.932,GW
9.924,GW
9.769,GW
9.518,GW
9.584,GW
10.144,GW
10,GW
9.597,GW
9.123,GW
8.542,GW
8.235,GW
7.99,GW
7.904,GW
7.888,GW
8.017,GW
8.497,GW
9.016,GW
9.214,GW
9.443,GW
9.573,GW
9.675,GW
9.757,GW
9.769,GW
9.948,GW
9.997,GW
9.963,GW
9.843,GW
9.636,GW
9.591,GW
10.172,GW
10,GW
9.639,GW
9.067,GW
8.59,GW
8.224,GW
8.017,GW
7.903,GW
7.869,GW
7.976,GW
8.451,GW
8.913,GW
9.104,GW
9.408,GW
9.535,GW
9.546,GW
9.571,GW
9.549,GW
9.618,GW
9.706,GW
9.637,GW
9.415,GW
9.179,GW
9.251,GW
9.77,GW
9.618,GW
9.253,GW
8.784,GW
8.253,GW
7.882,GW
7.669,GW
7.59,GW
7.552,GW
7.648,GW
8.123,GW
8.603,GW
8.902,GW
9.204,GW
9.312,GW
9.434,GW
9.406,GW
9.294,GW
9.389,GW
9.464,GW
9.472,GW
9.332,GW
9.106,GW
9.15,GW
9.606,GW
9.648,GW
9.243,GW
8.702,GW
8.213,GW
7.817,GW
7.667,GW
7.564,GW
7.551,GW
7.668,GW
8.176,GW
8.741,GW
9.025,GW
9.141,GW
9.264,GW
9.43,GW
9.431,GW
9.424,GW
9.526,GW
9.637,GW
9.519,GW
9.307,GW
9.213,GW
9.181,GW
9.672,GW
9.583,GW
9.379,GW
8.985,GW
8.576,GW
8.239,GW
7.933,GW
7.805,GW
7.746,GW
7.718,GW
7.794,GW
7.972,GW
8.097,GW
8.528,GW
8.901,GW
8.984,GW
8.979,GW
8.935,GW
8.866,GW
8.799,GW
8.723,GW
8.673,GW
8.695,GW
8.854,GW
9.303,GW
9.206,GW
8.936,GW
8.593,GW
8.223,GW
7.886,GW
7.614,GW
7.421,GW
7.34,GW
7.323,GW
7.365,GW
7.301,GW
7.322,GW
7.627,GW
7.944,GW
8.127,GW
8.23,GW
8.322,GW
8.295,GW
8.202,GW
8.182,GW
8.147,GW
8.21,GW
8.537,GW
9.258,GW
9.267,GW
9.01,GW
8.52,GW
7.796,GW
7.638,GW
7.459,GW
7.326,GW
7.271,GW
7.396,GW
8.008,GW
8.585,GW
8.937,GW
9.294,GW
9.4,GW
9.49,GW
9.429,GW
9.403,GW
9.458,GW
9.519,GW
9.441,GW
8.851,GW
8.276,GW
8.465,GW
9.047,GW
8.878,GW
8.461,GW
8.309,GW
8.175,GW
7.877,GW
7.739,GW
7.658,GW
7.615,GW
7.731,GW
8.245,GW
8.864,GW
9.089,GW
9.271,GW
9.336,GW
9.451,GW
9.471,GW
9.495,GW
9.599,GW
9.619,GW
9.542,GW
8.946,GW
8.367,GW
8.523,GW
9.084,GW
8.896,GW
8.496,GW
8.442,GW
8.293,GW
7.994,GW
7.743,GW
7.65,GW
7.593,GW
7.709,GW
8.211,GW
8.731,GW
8.964,GW
9.253,GW
9.445,GW
9.511,GW
9.48,GW
9.432,GW
9.487,GW
9.427,GW
9.365,GW
8.74,GW
8.167,GW
8.394,GW
8.823,GW
8.651,GW
8.205,GW
8.2,GW
8.041,GW
7.778,GW
7.619,GW
7.46,GW
7.417,GW
7.549,GW
8.068,GW
8.652,GW
8.83,GW
9.115,GW
9.207,GW
9.239,GW
9.151,GW
9.095,GW
9.157,GW
9.176,GW
9.144,GW
8.561,GW
7.911,GW
8.196,GW
8.713,GW
8.597,GW
8.189,GW
8.128,GW
8.046,GW
7.75,GW
7.586,GW
7.488,GW
7.402,GW
7.565,GW
8.081,GW
8.75,GW
8.927,GW
9.199,GW
9.324,GW
9.402,GW
9.435,GW
9.44,GW
9.53,GW
9.579,GW
9.451,GW
8.829,GW
8.207,GW
8.418,GW
8.875,GW
8.71,GW
8.347,GW
8.45,GW
8.375,GW
8.111,GW
7.977,GW
7.894,GW
7.82,GW
7.645,GW
7.654,GW
7.901,GW
8.107,GW
8.485,GW
8.786,GW
8.955,GW
8.943,GW
8.94,GW
8.953,GW
8.781,GW
8.596,GW
8.277,GW
8.128,GW
8.582,GW
8.824,GW
9.016,GW
8.466,GW
7.953,GW
7.579,GW
7.643,GW
7.525,GW
7.322,GW
7.221,GW
7.164,GW
7.144,GW
7.313,GW
7.046,GW
7.349,GW
7.639,GW
7.884,GW
8.149,GW
8.24,GW
8.347,GW
8.369,GW
8.336,GW
8.27,GW
8.127,GW
8.404,GW
8.868,GW
8.973,GW
8.755,GW
8.335,GW
7.988,GW
7.791,GW
7.607,GW
7.459,GW
7.4,GW
7.422,GW
7.587,GW
8.091,GW
8.465,GW
8.81,GW
9.191,GW
9.43,GW
9.588,GW
9.55,GW
9.807,GW
9.701,GW
9.672,GW
9.53,GW
8.925,GW
8.737,GW
9.066,GW
9.004,GW
8.781,GW
8.351,GW
8.131,GW
8.139,GW
7.867,GW
7.744,GW
7.661,GW
7.675,GW
7.793,GW
8.332,GW
8.702,GW
9.111,GW
9.451,GW
9.46,GW
9.592,GW
9.617,GW
9.537,GW
9.573,GW
9.598,GW
9.474,GW
8.918,GW
8.813,GW
9.227,GW
9.133,GW
8.92,GW
8.439,GW
8.356,GW
8.123,GW
7.837,GW
7.694,GW
7.678,GW
7.652,GW
7.832,GW
8.226,GW
8.405,GW
8.623,GW
8.892,GW
9.126,GW
9.18,GW
9.253,GW
9.256,GW
9.299,GW
9.262,GW
9.198,GW
8.707,GW
8.405,GW
8.847,GW
8.808,GW
8.569,GW
8.16,GW
8.143,GW
7.99,GW
7.692,GW
7.507,GW
7.472,GW
7.466,GW
7.609,GW
8.095,GW
8.374,GW
8.656,GW
8.942,GW
9.118,GW
9.228,GW
9.206,GW
9.169,GW
9.228,GW
9.242,GW
9.162,GW
8.69,GW
8.506,GW
8.988,GW
8.9,GW
8.718,GW
8.351,GW
7.922,GW
8.221,GW
7.979,GW
7.799,GW
7.672,GW
7.706,GW
7.831,GW
8.32,GW
8.684,GW
9.08,GW
9.526,GW
9.571,GW
9.655,GW
9.643,GW
9.497,GW
9.646,GW
9.66,GW
9.524,GW
9.097,GW
8.968,GW
9.238,GW
9.069,GW
8.88,GW
8.59,GW
8.67,GW
8.482,GW
8.323,GW
8.092,GW
7.882,GW
7.83,GW
7.759,GW
7.889,GW
7.98,GW
8.238,GW
8.763,GW
9.144,GW
9.366,GW
9.269,GW
9.244,GW
9.233,GW
9.064,GW
8.928,GW
8.819,GW
8.986,GW
9.272,GW
9.219,GW
8.974,GW
8.624,GW
8.378,GW
8.119,GW
7.742,GW
7.484,GW
7.329,GW
7.241,GW
7.143,GW
7.159,GW
6.997,GW
7.186,GW
7.538,GW
7.885,GW
8.083,GW
8.266,GW
8.304,GW
8.358,GW
8.227,GW
8.225,GW
8.342,GW
8.698,GW
9.256,GW
9.285,GW
9.118,GW
8.744,GW
8.32,GW
7.998,GW
7.792,GW
7.559,GW
7.511,GW
7.472,GW
7.696,GW
8.313,GW
8.689,GW
8.977,GW
9.373,GW
9.614,GW
9.675,GW
9.623,GW
9.61,GW
9.716,GW
9.615,GW
9.523,GW
9.092,GW
8.982,GW
9.341,GW
9.258,GW
9.065,GW
8.594,GW
8.43,GW
8.317,GW
8.087,GW
7.888,GW
7.751,GW
7.688,GW
7.816,GW
8.376,GW
8.716,GW
8.931,GW
9.278,GW
9.524,GW
9.539,GW
9.544,GW
9.562,GW
9.622,GW
9.621,GW
9.583,GW
9.02,GW
8.851,GW
9.248,GW
9.112,GW
8.917,GW
8.537,GW
8.353,GW
8.365,GW
8.128,GW
7.896,GW
7.803,GW
7.842,GW
7.933,GW
8.396,GW
8.719,GW
9.002,GW
9.318,GW
9.424,GW
9.526,GW
9.523,GW
9.464,GW
9.51,GW
9.533,GW
9.47,GW
9.007,GW
8.841,GW
9.15,GW
9.002,GW
8.85,GW
8.469,GW
8.444,GW
8.317,GW
8.008,GW
7.79,GW
7.686,GW
7.802,GW
7.968,GW
8.412,GW
8.769,GW
9.097,GW
9.51,GW
9.561,GW
9.704,GW
9.545,GW
9.499,GW
9.534,GW
9.498,GW
9.426,GW
9.017,GW
9.1,GW
9.317,GW
9.169,GW
9.002,GW
8.52,GW
8.583,GW
8.149,GW
7.843,GW
7.629,GW
7.471,GW
7.408,GW
7.358,GW
7.357,GW
7.299,GW
7.457,GW
7.692,GW
8.035,GW
8.187,GW
8.233,GW
8.305,GW
8.279,GW
8.13,GW
7.955,GW
8.003,GW
8.449,GW
8.75,GW
8.755,GW
8.679,GW
8.512,GW
8.202,GW
7.882,GW
7.606,GW
7.313,GW
7.169,GW
7.117,GW
7.115,GW
7.14,GW
7.101,GW
7.234,GW
7.674,GW
8.038,GW
8.191,GW
8.263,GW
8.271,GW
8.197,GW
8.062,GW
7.949,GW
8.083,GW
8.547,GW
8.881,GW
8.873,GW
8.758,GW
8.628,GW
8.395,GW
8.038,GW
7.655,GW
7.397,GW
7.258,GW
7.252,GW
7.267,GW
7.237,GW
6.978,GW
7.126,GW
7.474,GW
7.819,GW
7.951,GW
7.993,GW
8.114,GW
8.061,GW
7.93,GW
7.986,GW
8.044,GW
8.667,GW
9.182,GW
9.173,GW
9.109,GW
8.744,GW
8.332,GW
7.867,GW
7.494,GW
7.425,GW
7.418,GW
7.429,GW
7.603,GW
8.15,GW
8.586,GW
8.892,GW
9.241,GW
9.47,GW
9.554,GW
9.539,GW
9.52,GW
9.55,GW
9.483,GW
9.528,GW
9.103,GW
9.09,GW
9.405,GW
9.339,GW
9.115,GW
8.489,GW
8.497,GW
8.311,GW
7.982,GW
7.791,GW
7.694,GW
7.696,GW
7.834,GW
8.418,GW
8.941,GW
9.134,GW
9.458,GW
9.59,GW
9.635,GW
9.601,GW
9.533,GW
9.6,GW
9.596,GW
9.586,GW
9.195,GW
9.228,GW
9.463,GW
9.428,GW
9.244,GW
8.798,GW
8.662,GW
8.428,GW
8.049,GW
7.817,GW
7.749,GW
7.715,GW
7.797,GW
8.344,GW
8.781,GW
9.071,GW
9.513,GW
9.608,GW
9.657,GW
9.644,GW
9.594,GW
9.584,GW
9.547,GW
9.539,GW
9.22,GW
9.102,GW
9.337,GW
9.283,GW
9.106,GW
8.628,GW
8.549,GW
8.384,GW
8.015,GW
7.791,GW
7.696,GW
7.721,GW
7.842,GW
8.406,GW
8.794,GW
8.967,GW
9.365,GW
9.471,GW
9.485,GW
9.54,GW
9.469,GW
9.494,GW
9.428,GW
9.404,GW
9.035,GW
9.104,GW
9.401,GW
9.291,GW
9.13,GW
8.729,GW
8.651,GW
8.458,GW
8.07,GW
7.868,GW
7.751,GW
7.823,GW
7.954,GW
8.495,GW
8.982,GW
9.208,GW
9.574,GW
9.671,GW
9.703,GW
9.645,GW
9.548,GW
9.585,GW
9.634,GW
9.541,GW
9.155,GW
9.139,GW
9.311,GW
9.192,GW
9.071,GW
8.79,GW
8.825,GW
8.654,GW
8.359,GW
8.057,GW
7.913,GW
7.85,GW
7.879,GW
7.909,GW
7.995,GW
8.208,GW
8.65,GW
8.982,GW
9.089,GW
9.151,GW
9.129,GW
9.057,GW
8.893,GW
8.825,GW
8.827,GW
9.169,GW
9.347,GW
9.28,GW
9.077,GW
8.728,GW
8.48,GW
8.182,GW
7.835,GW
7.568,GW
7.393,GW
7.301,GW
7.248,GW
7.24,GW
7.22,GW
7.261,GW
7.593,GW
7.957,GW
8.202,GW
8.335,GW
8.381,GW
8.408,GW
8.394,GW
8.354,GW
8.431,GW
9.114,GW
9.306,GW
9.261,GW
9.091,GW
8.697,GW
8.245,GW
8.112,GW
7.795,GW
7.668,GW
7.643,GW
7.572,GW
7.773,GW
8.364,GW
8.896,GW
9.022,GW
9.534,GW
9.774,GW
9.882,GW
9.94,GW
9.845,GW
9.83,GW
9.789,GW
9.749,GW
9.388,GW
9.429,GW
9.534,GW
9.505,GW
9.319,GW
8.942,GW
8.809,GW
8.58,GW
8.239,GW
8.074,GW
8.007,GW
7.949,GW
8.02,GW
8.622,GW
9.114,GW
9.365,GW
9.691,GW
9.735,GW
9.69,GW
9.604,GW
9.619,GW
9.662,GW
9.654,GW
9.569,GW
9.083,GW
9.094,GW
9.233,GW
9.104,GW
8.8,GW
8.436,GW
8.352,GW
8.147,GW
7.836,GW
7.566,GW
7.423,GW
7.338,GW
7.308,GW
7.274,GW
7.195,GW
7.214,GW
7.498,GW
7.753,GW
7.968,GW
8.159,GW
8.22,GW
8.148,GW
8.067,GW
8.086,GW
8.156,GW
8.737,GW
8.977,GW
8.919,GW
8.852,GW
8.542,GW
8.163,GW
7.966,GW
7.719,GW
7.565,GW
7.53,GW
7.538,GW
7.673,GW
8.11,GW
8.651,GW
8.905,GW
9.328,GW
9.531,GW
9.572,GW
9.559,GW
9.531,GW
9.645,GW
9.648,GW
9.637,GW
9.3,GW
9.238,GW
9.319,GW
9.246,GW
9.077,GW
8.712,GW
8.488,GW
8.485,GW
8.155,GW
7.962,GW
7.855,GW
7.829,GW
7.962,GW
8.386,GW
8.922,GW
9.235,GW
9.5,GW
9.72,GW
9.824,GW
9.827,GW
9.803,GW
9.817,GW
9.81,GW
9.81,GW
9.281,GW
9.391,GW
9.352,GW
9.277,GW
9.188,GW
8.85,GW
8.886,GW
8.821,GW
8.45,GW
8.203,GW
8.052,GW
8.022,GW
7.957,GW
8.032,GW
8.156,GW
8.365,GW
8.756,GW
9.036,GW
9.187,GW
9.239,GW
9.125,GW
9.025,GW
8.881,GW
8.82,GW
8.884,GW
9.295,GW
9.332,GW
9.325,GW
9.184,GW
8.919,GW
8.57,GW
8.291,GW
7.956,GW
7.739,GW
7.494,GW
7.376,GW
7.393,GW
7.315,GW
7.26,GW
7.359,GW
7.597,GW
7.912,GW
8.119,GW
8.31,GW
8.386,GW
8.371,GW
8.343,GW
8.232,GW
8.369,GW
9.021,GW
9.288,GW
9.272,GW
9.149,GW
8.786,GW
8.389,GW
8.057,GW
7.788,GW
7.549,GW
7.453,GW
7.536,GW
7.716,GW
8.199,GW
8.75,GW
9.139,GW
9.432,GW
9.626,GW
9.691,GW
9.693,GW
9.587,GW
9.743,GW
9.717,GW
9.772,GW
9.46,GW
9.418,GW
9.56,GW
9.436,GW
9.293,GW
8.832,GW
8.73,GW
8.514,GW
8.212,GW
7.99,GW
7.835,GW
7.882,GW
7.997,GW
8.507,GW
8.998,GW
9.316,GW
9.636,GW
9.659,GW
9.667,GW
9.641,GW
9.638,GW
9.682,GW
9.716,GW
9.691,GW
9.349,GW
9.456,GW
9.602,GW
9.479,GW
9.336,GW
8.873,GW
8.754,GW
8.519,GW
8.154,GW
7.95,GW
7.827,GW
7.822,GW
7.91,GW
8.295,GW
8.949,GW
9.135,GW
9.491,GW
9.614,GW
9.742,GW
9.7,GW
9.697,GW
9.672,GW
9.624,GW
9.615,GW
9.364,GW
9.359,GW
9.441,GW
9.449,GW
9.333,GW
8.831,GW
8.729,GW
8.443,GW
8.006,GW
7.747,GW
7.689,GW
7.689,GW
7.817,GW
8.373,GW
8.895,GW
9.207,GW
9.602,GW
9.724,GW
9.649,GW
9.598,GW
9.51,GW
9.528,GW
9.514,GW
9.616,GW
9.357,GW
9.333,GW
9.547,GW
9.423,GW
9.341,GW
8.902,GW
8.764,GW
8.516,GW
8.088,GW
7.869,GW
7.769,GW
7.691,GW
7.832,GW
8.392,GW
8.909,GW
9.296,GW
9.634,GW
9.737,GW
9.697,GW
9.528,GW
9.464,GW
9.42,GW
9.419,GW
9.474,GW
9.097,GW
9.258,GW
9.433,GW
9.378,GW
9.268,GW
8.999,GW
8.989,GW
8.788,GW
8.413,GW
8.103,GW
7.938,GW
7.852,GW
7.813,GW
7.922,GW
7.966,GW
8.312,GW
8.72,GW
9.005,GW
9.096,GW
9.019,GW
8.979,GW
8.851,GW
8.767,GW
8.717,GW
8.852,GW
9.235,GW
9.348,GW
9.308,GW
9.224,GW
8.908,GW
8.623,GW
8.343,GW
7.916,GW
7.621,GW
7.455,GW
7.361,GW
7.284,GW
7.346,GW
7.34,GW
7.334,GW
7.714,GW
8.147,GW
8.29,GW
8.289,GW
8.309,GW
8.235,GW
8.097,GW
8.032,GW
8.209,GW
8.953,GW
9.182,GW
9.246,GW
9.068,GW
8.706,GW
8.451,GW
8.225,GW
7.82,GW
7.653,GW
7.558,GW
7.551,GW
7.626,GW
8.265,GW
8.817,GW
9.146,GW
9.497,GW
9.637,GW
9.707,GW
9.655,GW
9.576,GW
9.558,GW
9.224,GW
9.051,GW
9.198,GW
9.43,GW
9.588,GW
9.474,GW
9.266,GW
8.811,GW
8.726,GW
8.54,GW
8.169,GW
7.919,GW
7.866,GW
7.837,GW
7.985,GW
8.541,GW
9.178,GW
9.346,GW
9.537,GW
9.578,GW
9.598,GW
9.51,GW
9.421,GW
9.361,GW
9.353,GW
9.465,GW
9.194,GW
9.365,GW
9.512,GW
9.424,GW
9.242,GW
8.837,GW
8.698,GW
8.433,GW
7.938,GW
7.728,GW
7.652,GW
7.64,GW
7.791,GW
8.322,GW
8.87,GW
9.126,GW
9.427,GW
9.538,GW
9.672,GW
9.654,GW
9.579,GW
9.597,GW
9.561,GW
9.518,GW
9.207,GW
9.362,GW
9.489,GW
9.433,GW
9.302,GW
8.855,GW
8.74,GW
8.501,GW
8.143,GW
7.938,GW
7.833,GW
7.819,GW
7.934,GW
8.418,GW
9.023,GW
9.186,GW
9.497,GW
9.639,GW
9.608,GW
9.577,GW
9.441,GW
9.435,GW
9.506,GW
9.573,GW
9.396,GW
9.413,GW
9.549,GW
9.438,GW
9.272,GW
8.836,GW
8.732,GW
8.396,GW
7.969,GW
7.776,GW
7.651,GW
7.607,GW
7.748,GW
8.278,GW
8.856,GW
9.285,GW
9.562,GW
9.696,GW
9.73,GW
9.501,GW
9.424,GW
9.493,GW
9.489,GW
9.407,GW
9.184,GW
9.288,GW
9.419,GW
9.267,GW
9.131,GW
8.757,GW
8.655,GW
8.557,GW
8.16,GW
7.875,GW
7.697,GW
7.593,GW
7.631,GW
7.77,GW
7.825,GW
8.044,GW
8.536,GW
8.854,GW
8.996,GW
9.053,GW
9.005,GW
8.922,GW
8.761,GW
8.708,GW
8.74,GW
9.279,GW
9.38,GW
9.275,GW
9.127,GW
8.874,GW
8.438,GW
8.215,GW
7.838,GW
7.578,GW
7.403,GW
7.299,GW
7.29,GW
7.302,GW
7.227,GW
7.327,GW
7.752,GW
8.072,GW
8.352,GW
8.434,GW
8.486,GW
8.499,GW
8.482,GW
8.482,GW
8.678,GW
9.313,GW
9.476,GW
9.506,GW
9.356,GW
9.042,GW
8.641,GW
8.314,GW
7.969,GW
7.722,GW
7.532,GW
7.539,GW
7.649,GW
7.99,GW
8.518,GW
9.019,GW
9.496,GW
9.681,GW
9.688,GW
9.703,GW
9.713,GW
9.906,GW
9.96,GW
9.858,GW
9.625,GW
9.835,GW
9.903,GW
9.78,GW
9.604,GW
9.138,GW
8.955,GW
8.651,GW
8.239,GW
7.973,GW
7.748,GW
7.662,GW
7.643,GW
7.677,GW
7.715,GW
7.816,GW
8.144,GW
8.433,GW
8.667,GW
8.728,GW
8.799,GW
8.797,GW
8.749,GW
8.723,GW
9.011,GW
9.716,GW
9.991,GW
10.021,GW
9.939,GW
9.466,GW
8.909,GW
8.451,GW
8.079,GW
7.87,GW
7.792,GW
7.752,GW
7.939,GW
8.57,GW
9.361,GW
9.663,GW
10.038,GW
10.17,GW
10.231,GW
10.107,GW
9.942,GW
9.853,GW
9.827,GW
9.886,GW
9.762,GW
9.92,GW
10.084,GW
10.111,GW
9.954,GW
9.534,GW
9.245,GW
8.848,GW
8.352,GW
8.082,GW
7.983,GW
8.01,GW
8.145,GW
8.78,GW
9.469,GW
9.754,GW
10.033,GW
10.09,GW
10.067,GW
9.905,GW
9.762,GW
9.739,GW
9.775,GW
9.775,GW
9.653,GW
9.848,GW
9.991,GW
9.958,GW
9.808,GW
9.313,GW
9.109,GW
8.81,GW
8.368,GW
8.091,GW
7.961,GW
7.932,GW
8.072,GW
8.638,GW
9.304,GW
9.682,GW
10.109,GW
10.249,GW
10.287,GW
10.192,GW
9.97,GW
10.037,GW
10.049,GW
10.04,GW
9.852,GW
9.897,GW
9.874,GW
9.829,GW
9.68,GW
9.294,GW
9.079,GW
8.932,GW
8.529,GW
8.217,GW
8.023,GW
7.977,GW
7.98,GW
8.072,GW
8.244,GW
8.483,GW
9.001,GW
9.242,GW
9.391,GW
9.397,GW
9.363,GW
9.293,GW
9.211,GW
9.096,GW
9.21,GW
9.469,GW
9.447,GW
9.391,GW
9.276,GW
8.957,GW
8.762,GW
8.461,GW
7.99,GW
7.701,GW
7.496,GW
7.361,GW
7.311,GW
7.298,GW
7.336,GW
7.218,GW
7.675,GW
8.005,GW
8.291,GW
8.42,GW
8.552,GW
8.695,GW
8.696,GW
8.707,GW
8.983,GW
9.525,GW
9.697,GW
9.736,GW
9.627,GW
9.251,GW
8.808,GW
8.301,GW
7.973,GW
7.8,GW
7.69,GW
7.645,GW
7.78,GW
8.428,GW
9.13,GW
9.585,GW
9.948,GW
9.979,GW
9.901,GW
9.875,GW
9.688,GW
9.7,GW
9.738,GW
9.877,GW
9.783,GW
9.82,GW
9.93,GW
9.907,GW
9.717,GW
9.316,GW
9.151,GW
8.762,GW
8.327,GW
8.043,GW
7.93,GW
8.022,GW
8.15,GW
8.802,GW
9.445,GW
9.635,GW
9.868,GW
9.947,GW
9.905,GW
9.753,GW
9.581,GW
9.623,GW
9.678,GW
9.678,GW
9.67,GW
9.713,GW
9.79,GW
9.775,GW
9.66,GW
9.159,GW
8.974,GW
8.637,GW
8.239,GW
7.923,GW
7.814,GW
7.839,GW
7.95,GW
8.517,GW
9.209,GW
9.423,GW
9.684,GW
9.871,GW
10.082,GW
10.147,GW
10.043,GW
10.062,GW
10.136,GW
10.07,GW
9.67,GW
9.397,GW
9.454,GW
9.396,GW
9.262,GW
8.834,GW
8.655,GW
8.383,GW
7.963,GW
7.634,GW
7.551,GW
7.567,GW
7.721,GW
8.242,GW
8.873,GW
9.184,GW
9.531,GW
9.6,GW
9.646,GW
9.691,GW
9.628,GW
9.639,GW
9.613,GW
9.641,GW
9.491,GW
9.533,GW
9.541,GW
9.446,GW
9.229,GW
8.788,GW
8.539,GW
8.323,GW
7.905,GW
7.677,GW
7.568,GW
7.553,GW
7.664,GW
8.187,GW
8.926,GW
9.238,GW
9.545,GW
9.698,GW
9.853,GW
9.785,GW
9.67,GW
9.565,GW
9.551,GW
9.493,GW
9.388,GW
9.383,GW
9.474,GW
9.37,GW
9.295,GW
8.9,GW
8.77,GW
8.44,GW
8.098,GW
7.842,GW
7.639,GW
7.571,GW
7.545,GW
7.683,GW
7.87,GW
8.108,GW
8.523,GW
8.865,GW
8.99,GW
8.937,GW
9.041,GW
9.01,GW
8.932,GW
8.844,GW
9.042,GW
9.465,GW
9.51,GW
9.494,GW
9.329,GW
9.045,GW
8.674,GW
8.305,GW
7.937,GW
7.567,GW
7.401,GW
7.323,GW
7.226,GW
7.19,GW
7.224,GW
7.271,GW
7.621,GW
7.99,GW
8.145,GW
8.244,GW
8.248,GW
8.186,GW
8.075,GW
8.139,GW
8.365,GW
9.038,GW
9.229,GW
9.29,GW
9.234,GW
8.818,GW
8.339,GW
7.916,GW
7.609,GW
7.482,GW
7.344,GW
7.259,GW
7.402,GW
8.033,GW
8.786,GW
8.966,GW
9.256,GW
9.37,GW
9.405,GW
9.291,GW
9.125,GW
9.181,GW
9.123,GW
9.184,GW
9.274,GW
9.496,GW
9.566,GW
9.54,GW
9.327,GW
8.918,GW
8.689,GW
8.34,GW
7.995,GW
7.753,GW
7.644,GW
7.652,GW
7.766,GW
8.339,GW
8.941,GW
9.288,GW
9.505,GW
9.554,GW
9.622,GW
9.563,GW
9.497,GW
9.525,GW
9.578,GW
9.695,GW
9.505,GW
9.57,GW
9.6,GW
9.574,GW
9.418,GW
8.949,GW
8.774,GW
8.422,GW
7.979,GW
7.69,GW
7.591,GW
7.586,GW
7.698,GW
8.243,GW
8.922,GW
9.106,GW
9.427,GW
9.411,GW
9.362,GW
9.278,GW
9.128,GW
9.134,GW
9.178,GW
9.221,GW
9.135,GW
9.272,GW
9.405,GW
9.408,GW
9.286,GW
8.88,GW
8.756,GW
8.455,GW
8.072,GW
7.803,GW
7.712,GW
7.686,GW
7.839,GW
8.358,GW
9.009,GW
9.274,GW
9.561,GW
9.738,GW
9.747,GW
9.675,GW
9.555,GW
9.601,GW
9.574,GW
9.499,GW
9.36,GW
9.518,GW
9.63,GW
9.591,GW
9.515,GW
9.086,GW
8.904,GW
8.604,GW
8.122,GW
7.969,GW
7.86,GW
7.84,GW
8.012,GW
8.485,GW
9.196,GW
9.518,GW
9.832,GW
9.937,GW
9.895,GW
9.769,GW
9.603,GW
9.588,GW
9.555,GW
9.583,GW
9.459,GW
9.601,GW
9.701,GW
9.624,GW
9.536,GW
9.201,GW
9.047,GW
8.893,GW
8.505,GW
8.193,GW
7.943,GW
7.866,GW
7.854,GW
7.979,GW
8.181,GW
8.448,GW
8.891,GW
9.174,GW
9.264,GW
9.221,GW
9.141,GW
9.049,GW
8.933,GW
8.888,GW
9.021,GW
9.58,GW
9.724,GW
9.694,GW
9.536,GW
9.244,GW
8.901,GW
8.515,GW
8.147,GW
7.818,GW
7.653,GW
7.47,GW
7.413,GW
7.432,GW
7.507,GW
7.567,GW
7.821,GW
8.194,GW
8.411,GW
8.337,GW
8.36,GW
8.458,GW
8.366,GW
8.396,GW
8.726,GW
9.419,GW
9.609,GW
9.666,GW
9.574,GW
9.13,GW
8.625,GW
8.2,GW
7.937,GW
7.868,GW
7.837,GW
7.772,GW
7.82,GW
8.317,GW
9.049,GW
9.303,GW
9.611,GW
9.764,GW
9.854,GW
9.755,GW
9.553,GW
9.552,GW
9.454,GW
9.568,GW
9.511,GW
9.849,GW
9.987,GW
9.958,GW
9.74,GW
9.252,GW
9.017,GW
8.625,GW
8.256,GW
8.037,GW
7.951,GW
7.945,GW
8.091,GW
8.647,GW
9.353,GW
9.687,GW
10.139,GW
10.225,GW
10.281,GW
10.196,GW
10.077,GW
10.05,GW
10.113,GW
10.11,GW
9.955,GW
9.939,GW
10.013,GW
9.989,GW
9.841,GW
9.362,GW
9.132,GW
8.727,GW
8.29,GW
8.046,GW
7.947,GW
7.827,GW
7.992,GW
8.621,GW
9.288,GW
9.706,GW
9.97,GW
9.995,GW
10.066,GW
9.973,GW
9.88,GW
9.946,GW
9.952,GW
9.958,GW
9.794,GW
9.828,GW
9.867,GW
9.867,GW
9.736,GW
9.276,GW
9.071,GW
8.637,GW
8.26,GW
7.934,GW
7.781,GW
7.771,GW
7.899,GW
8.43,GW
9.022,GW
9.428,GW
9.804,GW
10.036,GW
10.097,GW
10.186,GW
10.133,GW
10.073,GW
10.058,GW
10.2,GW
10.087,GW
9.986,GW
10.078,GW
10.053,GW
9.907,GW
9.413,GW
9.155,GW
8.765,GW
8.237,GW
7.916,GW
7.826,GW
7.766,GW
7.865,GW
8.501,GW
9.222,GW
9.599,GW
9.917,GW
10,GW
10.111,GW
9.963,GW
9.952,GW
10.208,GW
10.309,GW
10.332,GW
10.152,GW
10.107,GW
10.212,GW
10.133,GW
9.978,GW
9.549,GW
9.334,GW
8.997,GW
8.536,GW
8.202,GW
8.002,GW
7.897,GW
7.823,GW
7.949,GW
8.153,GW
8.457,GW
8.971,GW
9.183,GW
9.366,GW
9.302,GW
9.224,GW
9.089,GW
9.006,GW
9.102,GW
9.211,GW
9.748,GW
9.895,GW
9.811,GW
9.66,GW
9.335,GW
8.897,GW
8.479,GW
7.961,GW
7.609,GW
7.409,GW
7.286,GW
7.187,GW
7.231,GW
7.209,GW
7.358,GW
7.771,GW
8.228,GW
8.46,GW
8.551,GW
8.476,GW
8.368,GW
8.275,GW
8.298,GW
8.618,GW
9.421,GW
9.682,GW
9.811,GW
9.762,GW
9.323,GW
8.761,GW
8.297,GW
7.868,GW
7.532,GW
7.485,GW
7.458,GW
7.641,GW
8.325,GW
9.129,GW
9.542,GW
10.097,GW
10.368,GW
10.54,GW
10.534,GW
10.463,GW
10.41,GW
10.437,GW
10.491,GW
10.359,GW
10.293,GW
10.312,GW
10.154,GW
10.071,GW
9.444,GW
9.044,GW
8.597,GW
8.075,GW
7.805,GW
7.707,GW
7.685,GW
7.841,GW
8.479,GW
9.279,GW
9.619,GW
9.982,GW
10.072,GW
10.067,GW
9.949,GW
9.732,GW
9.614,GW
9.552,GW
9.593,GW
9.517,GW
9.711,GW
9.903,GW
9.898,GW
9.827,GW
9.315,GW
9.028,GW
8.58,GW
8.057,GW
7.787,GW
7.67,GW
7.625,GW
7.711,GW
8.39,GW
9.185,GW
9.532,GW
9.984,GW
10.086,GW
10.056,GW
9.945,GW
9.768,GW
9.708,GW
9.68,GW
9.736,GW
9.661,GW
9.704,GW
9.713,GW
9.769,GW
9.638,GW
9.209,GW
8.973,GW
8.599,GW
8.09,GW
7.836,GW
7.746,GW
7.699,GW
7.854,GW
8.473,GW
9.229,GW
9.538,GW
9.771,GW
9.874,GW
9.873,GW
9.777,GW
9.718,GW
9.678,GW
9.673,GW
9.72,GW
9.7,GW
9.802,GW
9.92,GW
9.863,GW
9.82,GW
9.329,GW
9.094,GW
8.715,GW
8.301,GW
8.021,GW
7.874,GW
7.871,GW
8.007,GW
8.578,GW
9.335,GW
9.611,GW
10.001,GW
10.093,GW
10.068,GW
9.931,GW
9.798,GW
9.718,GW
9.739,GW
9.647,GW
9.454,GW
9.681,GW
9.759,GW
9.634,GW
9.594,GW
9.227,GW
9.115,GW
8.882,GW
8.474,GW
8.144,GW
7.919,GW
7.822,GW
7.829,GW
7.912,GW
8.122,GW
8.364,GW
8.909,GW
9.186,GW
9.279,GW
9.122,GW
9.009,GW
8.925,GW
8.824,GW
8.885,GW
9.057,GW
9.583,GW
9.73,GW
9.63,GW
9.485,GW
9.155,GW
8.818,GW
8.41,GW
8.029,GW
7.683,GW
7.51,GW
7.407,GW
7.38,GW
7.379,GW
7.467,GW
7.394,GW
7.857,GW
8.243,GW
8.583,GW
8.59,GW
8.718,GW
8.794,GW
8.771,GW
8.81,GW
9.124,GW
9.581,GW
9.743,GW
9.748,GW
9.641,GW
9.215,GW
8.768,GW
8.344,GW
7.969,GW
7.67,GW
7.554,GW
7.558,GW
7.725,GW
8.36,GW
9.181,GW
9.706,GW
10.049,GW
10.297,GW
10.507,GW
10.454,GW
10.504,GW
10.544,GW
10.612,GW
10.7,GW
10.616,GW
10.505,GW
10.458,GW
10.335,GW
10.207,GW
9.64,GW
9.267,GW
8.843,GW
8.371,GW
8.116,GW
7.995,GW
7.989,GW
8.037,GW
8.641,GW
9.493,GW
9.74,GW
10.042,GW
10.346,GW
10.436,GW
10.347,GW
10.162,GW
10.124,GW
10.097,GW
10.122,GW
10.094,GW
10.278,GW
10.356,GW
10.308,GW
10.172,GW
9.652,GW
9.313,GW
8.859,GW
8.375,GW
8.067,GW
7.89,GW
7.877,GW
8.004,GW
8.713,GW
9.507,GW
9.72,GW
10.129,GW
10.35,GW
10.394,GW
10.23,GW
10.093,GW
10.219,GW
10.331,GW
10.353,GW
10.279,GW
10.182,GW
10.253,GW
10.122,GW
10.077,GW
9.487,GW
9.269,GW
8.885,GW
8.376,GW
8.091,GW
7.981,GW
7.97,GW
8.099,GW
8.721,GW
9.474,GW
9.82,GW
10.244,GW
10.402,GW
10.506,GW
10.5,GW
10.462,GW
10.514,GW
10.491,GW
10.454,GW
10.346,GW
10.122,GW
10.17,GW
10.141,GW
10.038,GW
9.599,GW
9.349,GW
8.745,GW
8.351,GW
8.059,GW
7.9,GW
7.852,GW
7.938,GW
8.533,GW
9.253,GW
9.512,GW
9.827,GW
10.023,GW
10.214,GW
10.135,GW
10.021,GW
10.199,GW
10.162,GW
10.115,GW
9.974,GW
9.963,GW
10.025,GW
9.853,GW
9.545,GW
9.299,GW
9.116,GW
8.634,GW
8.156,GW
7.815,GW
7.646,GW
7.485,GW
7.448,GW
7.51,GW
7.674,GW
7.765,GW
8.097,GW
8.514,GW
8.841,GW
9.003,GW
9.112,GW
9.136,GW
8.973,GW
8.972,GW
9.151,GW
9.595,GW
9.618,GW
9.619,GW
9.505,GW
9.265,GW
8.935,GW
8.553,GW
8.074,GW
7.723,GW
7.521,GW
7.386,GW
7.337,GW
7.301,GW
7.378,GW
7.457,GW
7.856,GW
8.376,GW
8.686,GW
8.787,GW
8.81,GW
8.761,GW
8.694,GW
8.692,GW
8.96,GW
9.71,GW
10.024,GW
10.112,GW
10.031,GW
9.619,GW
9.023,GW
8.52,GW
7.957,GW
7.717,GW
7.549,GW
7.535,GW
7.668,GW
8.345,GW
9.289,GW
9.71,GW
10.121,GW
10.332,GW
10.393,GW
10.304,GW
10.161,GW
10.157,GW
10.173,GW
10.181,GW
10.003,GW
10.093,GW
10.31,GW
10.222,GW
10.125,GW
9.643,GW
9.308,GW
8.814,GW
8.31,GW
8.005,GW
7.854,GW
7.788,GW
7.992,GW
8.66,GW
9.476,GW
9.898,GW
10.253,GW
10.322,GW
10.244,GW
10.078,GW
10.005,GW
9.866,GW
9.691,GW
9.892,GW
9.928,GW
10.125,GW
10.294,GW
10.294,GW
10.127,GW
9.703,GW
9.382,GW
8.811,GW
8.351,GW
7.98,GW
7.828,GW
7.788,GW
7.908,GW
8.534,GW
9.314,GW
9.661,GW
10.048,GW
10.122,GW
10.117,GW
9.942,GW
9.732,GW
9.745,GW
9.687,GW
9.71,GW
9.645,GW
9.853,GW
10.066,GW
9.983,GW
9.69,GW
9.396,GW
9.311,GW
8.83,GW
8.336,GW
7.998,GW
7.832,GW
7.81,GW
7.931,GW
8.586,GW
9.421,GW
9.772,GW
9.98,GW
10.084,GW
10.03,GW
9.936,GW
9.771,GW
9.742,GW
9.671,GW
9.747,GW
9.636,GW
9.79,GW
9.837,GW
9.925,GW
9.839,GW
9.437,GW
9.191,GW
8.823,GW
8.359,GW
8.091,GW
7.994,GW
7.963,GW
8.106,GW
8.674,GW
9.489,GW
9.833,GW
10.241,GW
10.307,GW
10.312,GW
10.13,GW
9.905,GW
9.949,GW
9.835,GW
9.701,GW
9.5,GW
9.73,GW
9.855,GW
9.801,GW
9.734,GW
9.354,GW
9.284,GW
9.004,GW
8.572,GW
8.189,GW
7.99,GW
7.903,GW
7.893,GW
7.982,GW
8.131,GW
8.406,GW
8.906,GW
9.339,GW
9.436,GW
9.387,GW
9.456,GW
9.342,GW
9.247,GW
9.203,GW
9.318,GW
9.732,GW
9.776,GW
9.652,GW
9.565,GW
9.319,GW
8.951,GW
8.485,GW
8.038,GW
7.681,GW
7.498,GW
7.319,GW
7.288,GW
7.313,GW
7.405,GW
7.358,GW
7.704,GW
8.193,GW
8.47,GW
8.639,GW
8.772,GW
8.792,GW
8.785,GW
8.807,GW
9.028,GW
9.717,GW
9.782,GW
9.825,GW
9.771,GW
9.406,GW
8.916,GW
8.443,GW
8.068,GW
7.806,GW
7.672,GW
7.654,GW
7.861,GW
8.439,GW
9.228,GW
9.567,GW
9.921,GW
10.198,GW
10.351,GW
10.289,GW
10.193,GW
10.138,GW
10.015,GW
9.961,GW
9.764,GW
9.919,GW
9.992,GW
9.942,GW
9.831,GW
9.315,GW
9.114,GW
8.735,GW
8.258,GW
7.957,GW
7.869,GW
7.798,GW
7.9,GW
8.428,GW
9.164,GW
9.554,GW
9.941,GW
10.1,GW
10.107,GW
10.022,GW
9.909,GW
9.786,GW
9.621,GW
9.564,GW
9.536,GW
9.721,GW
9.856,GW
9.828,GW
9.723,GW
9.318,GW
9.148,GW
8.717,GW
8.285,GW
8,GW
7.876,GW
7.834,GW
8.011,GW
8.531,GW
9.211,GW
9.586,GW
9.957,GW
10.112,GW
10.22,GW
10.239,GW
10.146,GW
10.139,GW
10.091,GW
10.033,GW
9.811,GW
9.882,GW
10.006,GW
9.977,GW
9.892,GW
9.48,GW
9.25,GW
8.899,GW
8.444,GW
8.145,GW
8.007,GW
7.999,GW
8.086,GW
8.587,GW
9.252,GW
9.749,GW
10.25,GW
10.381,GW
10.363,GW
10.17,GW
10.102,GW
9.945,GW
9.769,GW
9.753,GW
9.741,GW
9.917,GW
10.081,GW
10.073,GW
9.974,GW
9.614,GW
9.445,GW
9.03,GW
8.553,GW
8.218,GW
8.106,GW
8.06,GW
8.159,GW
8.627,GW
9.245,GW
9.764,GW
10.08,GW
10.226,GW
10.243,GW
10.172,GW
10.043,GW
9.959,GW
10.012,GW
9.939,GW
9.713,GW
9.983,GW
10.164,GW
10.084,GW
9.956,GW
9.737,GW
9.547,GW
9.153,GW
8.75,GW
8.403,GW
8.208,GW
8.089,GW
8.089,GW
8.185,GW
8.426,GW
8.855,GW
9.117,GW
9.167,GW
9.298,GW
9.224,GW
9.141,GW
9.043,GW
8.968,GW
8.938,GW
9.05,GW
9.632,GW
9.861,GW
9.851,GW
9.776,GW
9.435,GW
9.09,GW
8.7,GW
8.237,GW
7.885,GW
7.666,GW
7.55,GW
7.441,GW
7.446,GW
7.462,GW
7.532,GW
7.946,GW
8.28,GW
8.472,GW
8.547,GW
8.51,GW
8.423,GW
8.324,GW
8.314,GW
8.493,GW
9.376,GW
9.673,GW
9.761,GW
9.787,GW
9.526,GW
9.141,GW
8.669,GW
8.145,GW
7.845,GW
7.741,GW
7.661,GW
7.776,GW
8.154,GW
8.67,GW
9.154,GW
9.648,GW
9.923,GW
9.943,GW
9.865,GW
9.798,GW
9.701,GW
9.591,GW
9.571,GW
9.415,GW
9.624,GW
9.794,GW
9.737,GW
9.675,GW
9.291,GW
9.074,GW
8.442,GW
8.313,GW
8,GW
7.851,GW
7.709,GW
7.351,GW
7.409,GW
7.434,GW
7.94,GW
8.292,GW
8.661,GW
8.895,GW
8.878,GW
8.875,GW
8.772,GW
8.638,GW
8.642,GW
8.521,GW
9.516,GW
9.704,GW
9.776,GW
9.742,GW
9.419,GW
8.605,GW
8.66,GW
8.184,GW
7.966,GW
7.79,GW
7.744,GW
7.867,GW
8.226,GW
8.833,GW
9.352,GW
9.82,GW
10.157,GW
10.125,GW
10.095,GW
10.017,GW
10.109,GW
10.007,GW
9.958,GW
9.619,GW
9.668,GW
9.93,GW
9.893,GW
9.806,GW
9.49,GW
9.212,GW
8.801,GW
8.354,GW
7.99,GW
7.827,GW
7.814,GW
7.898,GW
8.297,GW
8.804,GW
9.302,GW
9.724,GW
9.908,GW
9.984,GW
9.839,GW
9.684,GW
9.629,GW
9.604,GW
9.538,GW
9.342,GW
9.502,GW
9.808,GW
9.786,GW
9.728,GW
9.392,GW
8.812,GW
8.847,GW
8.366,GW
8.044,GW
7.922,GW
7.897,GW
7.999,GW
8.412,GW
9.005,GW
9.521,GW
9.93,GW
10.21,GW
10.228,GW
10.139,GW
9.993,GW
9.981,GW
9.987,GW
9.831,GW
9.603,GW
9.777,GW
9.861,GW
9.806,GW
9.693,GW
9.36,GW
9.303,GW
9.016,GW
8.568,GW
8.218,GW
8.032,GW
7.848,GW
7.832,GW
7.917,GW
8.103,GW
8.285,GW
8.718,GW
9.123,GW
9.354,GW
9.321,GW
9.197,GW
9.127,GW
9.024,GW
8.965,GW
9.067,GW
9.55,GW
9.631,GW
9.611,GW
9.557,GW
9.268,GW
8.939,GW
8.59,GW
8.167,GW
7.747,GW
7.527,GW
7.406,GW
7.339,GW
7.412,GW
7.449,GW
7.376,GW
7.826,GW
8.237,GW
8.569,GW
8.911,GW
9.105,GW
9.185,GW
9.075,GW
9.121,GW
9.197,GW
9.774,GW
9.915,GW
9.92,GW
9.916,GW
9.579,GW
9.081,GW
8.583,GW
8.144,GW
7.808,GW
7.659,GW
7.66,GW
7.766,GW
8.195,GW
8.904,GW
9.559,GW
10.129,GW
10.465,GW
10.608,GW
10.531,GW
10.388,GW
10.313,GW
10.269,GW
10.208,GW
10.045,GW
10.204,GW
10.396,GW
10.373,GW
10.273,GW
9.838,GW
9.449,GW
9.022,GW
8.565,GW
8.149,GW
7.967,GW
7.945,GW
8.081,GW
8.573,GW
9.169,GW
9.837,GW
10.288,GW
10.418,GW
10.421,GW
10.303,GW
10.098,GW
10.076,GW
10,GW
10.114,GW
9.972,GW
10.133,GW
10.382,GW
10.442,GW
10.364,GW
9.969,GW
9.658,GW
9.108,GW
8.569,GW
8.212,GW
8.053,GW
8.043,GW
8.155,GW
8.565,GW
9.062,GW
9.538,GW
10.003,GW
10.232,GW
10.189,GW
10.09,GW
9.943,GW
9.9,GW
9.832,GW
9.642,GW
9.643,GW
9.871,GW
10.145,GW
10.168,GW
10.144,GW
9.721,GW
9.419,GW
8.995,GW
8.483,GW
8.183,GW
8.047,GW
7.937,GW
8.056,GW
8.47,GW
9.116,GW
9.565,GW
10.003,GW
10.171,GW
10.172,GW
10.093,GW
10.013,GW
10.015,GW
9.978,GW
9.928,GW
9.784,GW
10.029,GW
10.164,GW
10.191,GW
10.161,GW
9.775,GW
9.579,GW
9.325,GW
8.976,GW
8.441,GW
8.26,GW
8.183,GW
8.247,GW
8.621,GW
9.235,GW
9.631,GW
9.839,GW
10.09,GW
10.263,GW
10.101,GW
9.952,GW
9.903,GW
9.763,GW
9.538,GW
9.455,GW
9.718,GW
9.925,GW
9.77,GW
9.74,GW
9.423,GW
9.498,GW
9.122,GW
8.65,GW
8.276,GW
8.064,GW
7.965,GW
7.948,GW
8.097,GW
8.148,GW
8.444,GW
8.734,GW
9.22,GW
9.304,GW
9.267,GW
9.202,GW
9.149,GW
8.976,GW
8.855,GW
9.002,GW
9.669,GW
9.834,GW
9.788,GW
9.655,GW
9.319,GW
8.966,GW
8.619,GW
8.096,GW
7.698,GW
7.56,GW
7.465,GW
7.423,GW
7.392,GW
7.429,GW
7.412,GW
7.708,GW
8.077,GW
8.377,GW
8.512,GW
8.654,GW
8.672,GW
8.604,GW
8.62,GW
8.955,GW
9.632,GW
9.808,GW
9.836,GW
9.751,GW
9.327,GW
8.778,GW
8.289,GW
7.931,GW
7.653,GW
7.51,GW
7.502,GW
7.649,GW
8.288,GW
9.044,GW
9.307,GW
9.661,GW
9.821,GW
9.933,GW
9.941,GW
9.791,GW
9.833,GW
9.875,GW
9.827,GW
9.709,GW
9.873,GW
9.977,GW
9.939,GW
9.79,GW
9.274,GW
8.957,GW
8.644,GW
8.275,GW
8.06,GW
8.051,GW
8.019,GW
8.153,GW
8.65,GW
9.237,GW
9.483,GW
9.626,GW
9.73,GW
9.815,GW
9.655,GW
9.472,GW
9.478,GW
9.328,GW
9.278,GW
9.153,GW
9.424,GW
9.675,GW
9.599,GW
9.468,GW
9.025,GW
8.838,GW
8.454,GW
8.104,GW
7.832,GW
7.753,GW
7.766,GW
7.878,GW
8.458,GW
9.112,GW
9.315,GW
9.636,GW
9.764,GW
9.822,GW
9.787,GW
9.752,GW
9.806,GW
9.873,GW
9.856,GW
9.613,GW
9.772,GW
9.988,GW
10.032,GW
9.873,GW
9.504,GW
9.22,GW
8.808,GW
8.416,GW
8.064,GW
7.92,GW
7.922,GW
8.018,GW
8.628,GW
9.303,GW
9.546,GW
9.87,GW
10.015,GW
9.892,GW
9.846,GW
9.701,GW
9.656,GW
9.667,GW
9.591,GW
9.451,GW
9.623,GW
9.938,GW
9.942,GW
9.858,GW
9.449,GW
9.182,GW
8.66,GW
8.286,GW
7.973,GW
7.832,GW
7.785,GW
7.881,GW
8.539,GW
9.269,GW
9.529,GW
9.839,GW
9.935,GW
9.821,GW
9.685,GW
9.507,GW
9.466,GW
9.429,GW
9.276,GW
9.05,GW
9.359,GW
9.66,GW
9.722,GW
9.66,GW
9.324,GW
9.218,GW
8.928,GW
8.412,GW
8.075,GW
7.984,GW
7.901,GW
7.858,GW
7.932,GW
8.124,GW
8.39,GW
8.785,GW
9.077,GW
9.15,GW
9.022,GW
8.879,GW
8.725,GW
8.57,GW
8.407,GW
8.424,GW
9.044,GW
9.354,GW
9.355,GW
9.302,GW
8.483,GW
8.152,GW
8.271,GW
7.891,GW
7.596,GW
7.359,GW
7.284,GW
7.318,GW
7.384,GW
7.399,GW
7.394,GW
7.711,GW
7.993,GW
8.192,GW
8.321,GW
8.395,GW
8.343,GW
8.169,GW
8.113,GW
8.256,GW
9.056,GW
9.436,GW
9.513,GW
9.496,GW
9.14,GW
8.659,GW
8.25,GW
7.895,GW
7.646,GW
7.549,GW
7.528,GW
7.661,GW
8.268,GW
9.062,GW
9.371,GW
9.713,GW
9.797,GW
9.826,GW
9.727,GW
9.593,GW
9.632,GW
9.594,GW
9.492,GW
9.306,GW
9.517,GW
9.754,GW
9.795,GW
9.691,GW
9.239,GW
8.9,GW
8.476,GW
8.123,GW
7.88,GW
7.824,GW
7.789,GW
7.952,GW
8.558,GW
9.282,GW
9.487,GW
9.826,GW
9.877,GW
9.878,GW
9.934,GW
9.801,GW
9.767,GW
9.728,GW
9.635,GW
9.471,GW
9.542,GW
9.759,GW
9.841,GW
9.725,GW
9.214,GW
8.893,GW
8.574,GW
8.173,GW
7.914,GW
7.82,GW
7.792,GW
7.945,GW
8.532,GW
9.218,GW
9.49,GW
9.82,GW
9.861,GW
9.837,GW
9.674,GW
9.425,GW
9.46,GW
9.43,GW
9.4,GW
9.18,GW
9.33,GW
9.773,GW
9.79,GW
9.695,GW
9.277,GW
9.052,GW
8.601,GW
8.165,GW
7.947,GW
7.841,GW
7.792,GW
7.966,GW
8.654,GW
9.437,GW
9.649,GW
10.007,GW
9.944,GW
9.895,GW
9.803,GW
9.716,GW
9.691,GW
9.593,GW
9.702,GW
9.48,GW
9.665,GW
9.99,GW
10.059,GW
9.979,GW
9.456,GW
9.175,GW
8.761,GW
8.305,GW
8.036,GW
7.99,GW
7.876,GW
8.023,GW
8.765,GW
9.498,GW
9.832,GW
10.2,GW
10.242,GW
10.162,GW
9.983,GW
9.856,GW
9.853,GW
9.793,GW
9.737,GW
9.457,GW
9.657,GW
10.029,GW
10.061,GW
9.931,GW
9.613,GW
9.422,GW
9.071,GW
8.625,GW
8.32,GW
8.092,GW
8.032,GW
8.01,GW
8.133,GW
8.338,GW
8.72,GW
9.128,GW
9.473,GW
9.543,GW
9.486,GW
9.346,GW
9.349,GW
9.231,GW
9.233,GW
9.352,GW
9.777,GW
9.924,GW
9.883,GW
9.748,GW
9.396,GW
8.98,GW
8.478,GW
8.066,GW
7.755,GW
7.518,GW
7.432,GW
7.402,GW
7.415,GW
7.329,GW
7.436,GW
7.84,GW
8.248,GW
8.466,GW
8.545,GW
8.578,GW
8.481,GW
8.333,GW
8.328,GW
8.52,GW
9.166,GW
9.651,GW
9.749,GW
9.79,GW
9.377,GW
8.874,GW
8.388,GW
7.935,GW
7.7,GW
7.611,GW
7.63,GW
7.78,GW
8.49,GW
9.164,GW
9.554,GW
10.011,GW
10.138,GW
10.2,GW
10.09,GW
9.923,GW
9.709,GW
9.685,GW
9.679,GW
9.441,GW
9.523,GW
9.888,GW
9.948,GW
9.836,GW
9.377,GW
9.019,GW
8.596,GW
8.25,GW
7.987,GW
7.879,GW
7.833,GW
8.028,GW
8.671,GW
9.271,GW
9.594,GW
9.918,GW
9.976,GW
9.947,GW
9.78,GW
9.625,GW
9.615,GW
9.545,GW
9.5,GW
9.178,GW
9.294,GW
9.604,GW
9.681,GW
9.501,GW
9.098,GW
8.89,GW
8.528,GW
8.14,GW
7.947,GW
7.861,GW
7.772,GW
7.916,GW
8.547,GW
9.182,GW
9.347,GW
9.575,GW
9.613,GW
9.581,GW
9.529,GW
9.401,GW
9.402,GW
9.419,GW
9.367,GW
9.017,GW
9.065,GW
9.339,GW
9.264,GW
9.142,GW
8.77,GW
8.608,GW
8.396,GW
8.018,GW
7.802,GW
7.602,GW
7.564,GW
7.517,GW
7.534,GW
7.468,GW
7.597,GW
8.072,GW
8.49,GW
8.671,GW
8.704,GW
8.696,GW
8.64,GW
8.524,GW
8.469,GW
8.497,GW
9.052,GW
9.433,GW
9.456,GW
9.472,GW
9.134,GW
8.727,GW
8.317,GW
8.002,GW
7.697,GW
7.638,GW
7.533,GW
7.702,GW
8.038,GW
8.466,GW
8.905,GW
9.46,GW
9.766,GW
9.942,GW
9.989,GW
9.967,GW
9.819,GW
9.697,GW
9.591,GW
9.388,GW
9.495,GW
9.704,GW
9.682,GW
9.554,GW
9.212,GW
9.284,GW
9.144,GW
8.446,GW
8.159,GW
8.034,GW
7.905,GW
7.888,GW
7.963,GW
7.978,GW
8.153,GW
8.624,GW
8.93,GW
9.035,GW
9,GW
9.075,GW
9.012,GW
8.903,GW
8.879,GW
8.843,GW
9.213,GW
9.585,GW
9.584,GW
9.395,GW
9.113,GW
8.731,GW
8.348,GW
8.004,GW
7.693,GW
7.432,GW
7.393,GW
7.336,GW
7.303,GW
7.3,GW
7.308,GW
7.649,GW
8.004,GW
8.302,GW
8.51,GW
8.602,GW
8.631,GW
8.658,GW
8.671,GW
8.804,GW
9.361,GW
9.801,GW
9.861,GW
9.751,GW
9.271,GW
8.81,GW
8.384,GW
8.037,GW
7.82,GW
7.703,GW
7.707,GW
7.833,GW
8.455,GW
9.091,GW
9.423,GW
9.962,GW
10.219,GW
10.318,GW
10.346,GW
10.116,GW
10.1,GW
10.091,GW
10.102,GW
9.775,GW
9.715,GW
10.044,GW
10.01,GW
9.871,GW
9.429,GW
9.101,GW
8.719,GW
8.267,GW
7.925,GW
7.854,GW
7.835,GW
7.959,GW
8.495,GW
9.071,GW
9.326,GW
9.634,GW
9.859,GW
9.667,GW
9.55,GW
9.46,GW
9.482,GW
9.515,GW
9.514,GW
9.175,GW
9.031,GW
9.445,GW
9.442,GW
9.257,GW
8.842,GW
8.579,GW
8.263,GW
7.909,GW
7.693,GW
7.661,GW
7.674,GW
7.807,GW
8.398,GW
8.982,GW
9.261,GW
9.545,GW
9.666,GW
9.716,GW
9.703,GW
9.586,GW
9.595,GW
9.656,GW
9.635,GW
9.318,GW
9.374,GW
9.729,GW
9.69,GW
9.603,GW
9.124,GW
8.892,GW
8.581,GW
8.152,GW
7.918,GW
7.829,GW
7.787,GW
7.898,GW
8.512,GW
9.059,GW
9.327,GW
9.622,GW
9.655,GW
9.643,GW
9.579,GW
9.534,GW
9.477,GW
9.476,GW
9.437,GW
9.143,GW
9.124,GW
9.497,GW
9.407,GW
9.244,GW
8.797,GW
8.68,GW
8.434,GW
8.076,GW
7.785,GW
7.709,GW
7.666,GW
7.781,GW
8.314,GW
8.784,GW
9.026,GW
9.324,GW
9.431,GW
9.439,GW
9.364,GW
9.378,GW
9.454,GW
9.41,GW
9.294,GW
8.917,GW
8.933,GW
9.165,GW
9.051,GW
8.918,GW
8.619,GW
8.589,GW
8.438,GW
8.118,GW
7.865,GW
7.741,GW
7.707,GW
7.694,GW
7.809,GW
7.895,GW
8.174,GW
8.652,GW
8.971,GW
9.056,GW
9.057,GW
8.998,GW
8.951,GW
8.795,GW
8.609,GW
8.556,GW
8.868,GW
9.214,GW
9.066,GW
8.926,GW
8.657,GW
8.346,GW
7.936,GW
7.887,GW
7.503,GW
7.363,GW
7.282,GW
7.255,GW
7.283,GW
7.181,GW
7.244,GW
7.707,GW
8.116,GW
8.359,GW
8.436,GW
8.578,GW
8.519,GW
8.342,GW
8.228,GW
8.349,GW
8.87,GW
9.332,GW
9.35,GW
9.284,GW
8.924,GW
8.424,GW
8.082,GW
7.731,GW
7.544,GW
7.528,GW
7.514,GW
7.59,GW
8.25,GW
8.749,GW
9.019,GW
9.414,GW
9.569,GW
9.685,GW
9.598,GW
9.465,GW
9.482,GW
9.509,GW
9.45,GW
9.131,GW
9.061,GW
9.441,GW
9.359,GW
9.191,GW
8.809,GW
8.577,GW
8.29,GW
7.931,GW
7.747,GW
7.65,GW
7.653,GW
7.806,GW
8.383,GW
8.884,GW
9.138,GW
9.419,GW
9.593,GW
9.553,GW
9.544,GW
9.524,GW
9.634,GW
9.641,GW
9.551,GW
9.213,GW
9.206,GW
9.477,GW
9.396,GW
9.202,GW
8.74,GW
8.579,GW
8.311,GW
7.988,GW
7.763,GW
7.686,GW
7.663,GW
7.806,GW
8.294,GW
8.686,GW
8.873,GW
9.15,GW
9.318,GW
9.409,GW
9.372,GW
9.342,GW
9.412,GW
9.438,GW
9.38,GW
9.013,GW
9.051,GW
9.371,GW
9.311,GW
9.155,GW
8.733,GW
8.564,GW
8.371,GW
8.04,GW
7.805,GW
7.712,GW
7.687,GW
7.829,GW
8.42,GW
8.919,GW
9.144,GW
9.466,GW
9.542,GW
9.584,GW
9.552,GW
9.482,GW
9.449,GW
9.41,GW
9.334,GW
9.083,GW
9.118,GW
9.516,GW
9.431,GW
9.268,GW
8.855,GW
8.655,GW
8.435,GW
8.09,GW
7.938,GW
7.881,GW
7.876,GW
8,GW
8.579,GW
9.055,GW
9.285,GW
9.644,GW
9.636,GW
9.492,GW
9.57,GW
9.47,GW
9.532,GW
9.42,GW
9.301,GW
8.975,GW
8.985,GW
9.428,GW
9.388,GW
9.244,GW
8.899,GW
8.849,GW
8.579,GW
8.259,GW
7.989,GW
7.802,GW
7.689,GW
7.653,GW
7.773,GW
7.783,GW
8.139,GW
8.569,GW
8.847,GW
8.956,GW
8.956,GW
8.92,GW
8.841,GW
8.634,GW
8.48,GW
8.464,GW
8.84,GW
9.246,GW
9.265,GW
9.196,GW
8.889,GW
8.445,GW
8.184,GW
7.796,GW
7.525,GW
7.38,GW
7.302,GW
7.198,GW
7.198,GW
7.069,GW
7.143,GW
7.581,GW
7.88,GW
7.894,GW
8.013,GW
8.125,GW
8.142,GW
8.034,GW
7.975,GW
8.003,GW
8.593,GW
9.256,GW
9.353,GW
9.25,GW
8.895,GW
8.346,GW
8.027,GW
7.735,GW
7.51,GW
7.382,GW
7.332,GW
7.548,GW
8.143,GW
8.646,GW
9.034,GW
9.444,GW
9.492,GW
9.553,GW
9.466,GW
9.384,GW
9.329,GW
9.291,GW
9.298,GW
8.952,GW
8.875,GW
9.446,GW
9.456,GW
9.334,GW
8.859,GW
8.652,GW
8.329,GW
7.944,GW
7.705,GW
7.568,GW
7.608,GW
7.774,GW
8.348,GW
8.716,GW
8.968,GW
9.285,GW
9.299,GW
9.376,GW
9.22,GW
9.09,GW
9.089,GW
9.016,GW
8.958,GW
8.568,GW
8.653,GW
9.065,GW
9.034,GW
8.904,GW
8.532,GW
8.349,GW
7.98,GW
7.604,GW
7.369,GW
7.247,GW
7.247,GW
7.446,GW
8.018,GW
8.454,GW
8.801,GW
9.176,GW
9.297,GW
9.236,GW
9.251,GW
9.079,GW
9.121,GW
9.141,GW
9.136,GW
8.787,GW
8.747,GW
9.192,GW
9.119,GW
9.045,GW
8.605,GW
8.469,GW
8.126,GW
7.78,GW
7.532,GW
7.468,GW
7.485,GW
7.597,GW
8.131,GW
8.692,GW
8.977,GW
9.352,GW
9.509,GW
9.477,GW
9.458,GW
9.283,GW
9.292,GW
9.309,GW
9.272,GW
8.963,GW
8.951,GW
9.303,GW
9.274,GW
9.159,GW
8.723,GW
8.472,GW
8.291,GW
7.897,GW
7.665,GW
7.562,GW
7.572,GW
7.709,GW
8.247,GW
8.718,GW
9.184,GW
9.49,GW
9.687,GW
9.759,GW
9.61,GW
9.495,GW
9.521,GW
9.46,GW
9.517,GW
9.108,GW
9.017,GW
9.393,GW
9.33,GW
9.182,GW
8.871,GW
8.793,GW
8.527,GW
8.137,GW
7.908,GW
7.77,GW
7.673,GW
7.688,GW
7.839,GW
7.89,GW
8.258,GW
8.634,GW
8.855,GW
8.972,GW
9.008,GW
8.954,GW
8.879,GW
8.645,GW
8.588,GW
8.525,GW
8.858,GW
9.454,GW
9.391,GW
9.237,GW
8.917,GW
8.456,GW
8.181,GW
7.787,GW
7.516,GW
7.375,GW
7.254,GW
7.191,GW
7.224,GW
7.554,GW
7.687,GW
7.948,GW
8.1,GW
8.125,GW
8.109,GW
8.032,GW
7.856,GW
7.659,GW
7.644,GW
7.635,GW
8.212,GW
8.747,GW
8.765,GW
8.593,GW
8.072,GW
7.688,GW
7.342,GW
7.17,GW
7.081,GW
7.075,GW
7.273,GW
7.84,GW
8.729,GW
9.097,GW
9.439,GW
9.707,GW
9.777,GW
9.716,GW
9.625,GW
9.819,GW
9.765,GW
9.684,GW
9.255,GW
8.804,GW
9.223,GW
9.665,GW
9.592,GW
9.161,GW
8.812,GW
8.378,GW
7.958,GW
7.809,GW
7.566,GW
7.607,GW
7.706,GW
8.303,GW
9.037,GW
9.447,GW
9.696,GW
9.738,GW
9.672,GW
9.532,GW
9.44,GW
9.393,GW
9.344,GW
9.263,GW
8.746,GW
8.318,GW
8.768,GW
9.424,GW
9.434,GW
9.111,GW
8.857,GW
8.462,GW
8.042,GW
7.718,GW
7.595,GW
7.523,GW
7.659,GW
8.169,GW
8.91,GW
9.249,GW
9.434,GW
9.415,GW
9.359,GW
9.301,GW
9.25,GW
9.256,GW
9.11,GW
8.996,GW
8.409,GW
8.016,GW
8.455,GW
9.215,GW
9.165,GW
8.844,GW
8.609,GW
8.273,GW
7.939,GW
7.719,GW
7.547,GW
7.508,GW
7.672,GW
8.274,GW
9.016,GW
9.312,GW
9.559,GW
9.492,GW
9.38,GW
9.271,GW
9.143,GW
9.163,GW
9.074,GW
9.064,GW
8.49,GW
8.001,GW
8.404,GW
9.106,GW
9.094,GW
8.831,GW
8.678,GW
8.414,GW
8.022,GW
7.781,GW
7.696,GW
7.649,GW
7.756,GW
8.223,GW
8.987,GW
9.449,GW
9.662,GW
9.722,GW
9.599,GW
9.471,GW
9.34,GW
9.386,GW
9.32,GW
9.242,GW
8.642,GW
8.233,GW
8.553,GW
9.108,GW
9.065,GW
8.735,GW
8.706,GW
8.51,GW
8.149,GW
7.948,GW
7.819,GW
7.788,GW
7.764,GW
7.884,GW
8.086,GW
8.427,GW
8.889,GW
9.194,GW
9.273,GW
9.267,GW
9.241,GW
9.185,GW
8.911,GW
8.705,GW
8.509,GW
8.443,GW
8.794,GW
9.357,GW
9.318,GW
9.022,GW
8.712,GW
8.356,GW
7.98,GW
7.657,GW
7.469,GW
7.399,GW
7.352,GW
7.334,GW
7.403,GW
7.6,GW
7.848,GW
8.233,GW
8.445,GW
8.515,GW
8.478,GW
8.449,GW
8.376,GW
8.311,GW
8.191,GW
8.279,GW
8.699,GW
9.417,GW
9.474,GW
9.175,GW
8.8,GW
8.355,GW
7.945,GW
7.7,GW
7.585,GW
7.566,GW
7.676,GW
8.079,GW
8.54,GW
9.11,GW
9.515,GW
9.589,GW
9.709,GW
9.633,GW
9.537,GW
9.505,GW
9.529,GW
9.37,GW
8.777,GW
8.331,GW
8.669,GW
9.319,GW
9.298,GW
9.047,GW
8.923,GW
8.609,GW
8.203,GW
7.946,GW
7.837,GW
7.801,GW
7.835,GW
8.164,GW
8.567,GW
9.037,GW
9.444,GW
9.577,GW
9.421,GW
9.173,GW
9.054,GW
8.888,GW
8.684,GW
8.532,GW
8.161,GW
8.007,GW
8.26,GW
8.862,GW
8.815,GW
8.598,GW
8.494,GW
8.272,GW
7.869,GW
7.58,GW
7.394,GW
7.281,GW
7.225,GW
7.301,GW
7.301,GW
7.369,GW
7.716,GW
7.975,GW
8.052,GW
7.963,GW
7.927,GW
7.813,GW
7.649,GW
7.53,GW
7.394,GW
7.446,GW
7.789,GW
8.352,GW
8.474,GW
8.375,GW
8.198,GW
7.968,GW
7.679,GW
7.42,GW
7.304,GW
7.222,GW
7.119,GW
7.201,GW
7.143,GW
7.21,GW
7.563,GW
7.754,GW
7.908,GW
7.955,GW
8.002,GW
7.826,GW
7.641,GW
7.546,GW
7.465,GW
7.52,GW
7.844,GW
8.507,GW
8.579,GW
8.414,GW
8.203,GW
7.919,GW
7.589,GW
7.38,GW
7.258,GW
7.148,GW
7.117,GW
7.152,GW
7.185,GW
7.286,GW
7.702,GW
8.09,GW
8.206,GW
8.207,GW
8.195,GW
8.112,GW
8.05,GW
7.974,GW
7.861,GW
7.862,GW
8.157,GW
8.87,GW
8.91,GW
8.705,GW
8.51,GW
8.216,GW
7.822,GW
7.609,GW
7.465,GW
7.359,GW
7.346,GW
7.413,GW
7.416,GW
7.552,GW
8.018,GW
8.329,GW
8.471,GW
8.473,GW
8.531,GW
8.444,GW
8.307,GW
8.191,GW
8.017,GW
7.957,GW
8.192,GW
8.858,GW
8.948,GW
8.7,GW
8.39,GW
8.092,GW
7.769,GW
7.578,GW
7.205,GW
7.249,GW
7.258,GW
7.237,GW
7.104,GW
7.254,GW
7.573,GW
7.925,GW
8.052,GW
8.154,GW
8.241,GW
8.233,GW
8.116,GW
8.026,GW
7.901,GW
7.927,GW
8.331,GW
9.103,GW
9.122,GW
8.82,GW
8.332,GW
7.958,GW
7.645,GW
7.454,GW
7.406,GW
7.422,GW
7.558,GW
8.129,GW
8.725,GW
9.187,GW
9.556,GW
9.697,GW
9.702,GW
9.629,GW
9.507,GW
9.534,GW
9.51,GW
9.332,GW
8.786,GW
8.306,GW
8.571,GW
9.283,GW
9.157,GW
8.772,GW
8.52,GW
8.306,GW
7.962,GW
7.751,GW
7.66,GW
7.659,GW
7.751,GW
8.318,GW
8.946,GW
9.13,GW
9.34,GW
9.458,GW
9.466,GW
9.378,GW
9.36,GW
9.306,GW
9.31,GW
9.275,GW
8.79,GW
8.337,GW
8.585,GW
9.179,GW
9.072,GW
8.732,GW
8.608,GW
8.323,GW
7.998,GW
7.769,GW
7.613,GW
7.647,GW
7.775,GW
8.242,GW
8.76,GW
8.967,GW
9.264,GW
9.409,GW
9.43,GW
9.372,GW
9.229,GW
9.257,GW
9.287,GW
9.248,GW
8.779,GW
8.256,GW
8.148,GW
8.724,GW
8.629,GW
8.271,GW
8.184,GW
8.229,GW
7.83,GW
7.687,GW
7.611,GW
7.594,GW
7.674,GW
8.218,GW
8.903,GW
9.202,GW
9.578,GW
9.725,GW
9.73,GW
9.643,GW
9.575,GW
9.544,GW
9.49,GW
9.444,GW
9.024,GW
8.548,GW
8.813,GW
9.314,GW
9.255,GW
8.961,GW
8.904,GW
8.608,GW
8.313,GW
8.072,GW
7.976,GW
7.95,GW
8.052,GW
8.553,GW
9.085,GW
9.448,GW
9.769,GW
9.935,GW
9.925,GW
9.926,GW
9.755,GW
9.727,GW
9.726,GW
9.589,GW
9.032,GW
8.53,GW
8.603,GW
9.199,GW
9.14,GW
8.858,GW
8.8,GW
8.621,GW
8.309,GW
8.023,GW
7.861,GW
7.776,GW
7.787,GW
7.867,GW
8,GW
8.16,GW
8.585,GW
8.932,GW
9.038,GW
9.04,GW
9.074,GW
8.908,GW
8.707,GW
8.606,GW
8.465,GW
8.373,GW
8.612,GW
9.161,GW
9.094,GW
8.817,GW
8.513,GW
8.177,GW
7.886,GW
7.59,GW
7.404,GW
7.387,GW
7.333,GW
7.3,GW
7.207,GW
7.308,GW
7.661,GW
8.05,GW
8.227,GW
8.303,GW
8.437,GW
8.389,GW
8.271,GW
8.191,GW
8.103,GW
8.192,GW
8.524,GW
9.259,GW
9.321,GW
8.96,GW
8.557,GW
8.144,GW
7.786,GW
7.607,GW
7.545,GW
7.561,GW
7.688,GW
8.269,GW
8.903,GW
9.21,GW
9.67,GW
9.92,GW
10.012,GW
9.983,GW
9.926,GW
9.961,GW
10.007,GW
9.873,GW
9.349,GW
8.935,GW
9.222,GW
9.673,GW
9.6,GW
9.209,GW
8.981,GW
8.521,GW
8.251,GW
8.07,GW
7.944,GW
7.922,GW
8.05,GW
8.608,GW
9.233,GW
9.543,GW
9.922,GW
10.089,GW
10.166,GW
10.133,GW
10.031,GW
9.994,GW
9.951,GW
9.883,GW
9.645,GW
9.446,GW
9.671,GW
10.25,GW
10.276,GW
9.899,GW
9.316,GW
8.734,GW
8.321,GW
8.081,GW
7.979,GW
7.989,GW
8.12,GW
8.743,GW
9.327,GW
9.506,GW
9.865,GW
9.988,GW
9.926,GW
9.847,GW
9.753,GW
9.698,GW
9.598,GW
9.55,GW
9.326,GW
9.147,GW
9.418,GW
10.13,GW
10.21,GW
9.829,GW
9.302,GW
8.791,GW
8.335,GW
8.133,GW
7.979,GW
7.934,GW
8.042,GW
8.597,GW
9.166,GW
9.474,GW
9.805,GW
9.859,GW
9.794,GW
9.6,GW
9.468,GW
9.452,GW
9.347,GW
9.225,GW
9.094,GW
8.905,GW
9.127,GW
9.759,GW
9.896,GW
9.533,GW
8.984,GW
8.408,GW
8.027,GW
7.781,GW
7.648,GW
7.612,GW
7.775,GW
8.294,GW
8.831,GW
9.23,GW
9.636,GW
9.655,GW
9.609,GW
9.56,GW
9.469,GW
9.45,GW
9.393,GW
9.374,GW
9.096,GW
8.891,GW
9.001,GW
9.61,GW
9.595,GW
9.362,GW
9.085,GW
8.644,GW
8.222,GW
7.899,GW
7.693,GW
7.695,GW
7.705,GW
7.825,GW
7.878,GW
8.143,GW
8.524,GW
8.808,GW
8.891,GW
8.888,GW
8.799,GW
8.669,GW
8.551,GW
8.421,GW
8.248,GW
8.233,GW
8.454,GW
9.079,GW
9.083,GW
8.795,GW
8.529,GW
8.109,GW
7.724,GW
7.47,GW
7.264,GW
7.227,GW
7.186,GW
7.217,GW
7.101,GW
7.124,GW
7.459,GW
7.806,GW
7.952,GW
8.047,GW
8.087,GW
8.063,GW
7.981,GW
7.95,GW
7.914,GW
8.055,GW
8.339,GW
9.028,GW
9.107,GW
8.777,GW
8.316,GW
7.954,GW
7.694,GW
7.442,GW
7.317,GW
7.324,GW
7.437,GW
7.996,GW
8.474,GW
8.691,GW
9.146,GW
9.286,GW
9.352,GW
9.337,GW
9.302,GW
9.338,GW
9.398,GW
9.397,GW
9.249,GW
9.072,GW
9.226,GW
9.767,GW
9.729,GW
9.32,GW
8.824,GW
8.321,GW
7.911,GW
7.655,GW
7.558,GW
7.576,GW
7.737,GW
8.26,GW
8.673,GW
8.931,GW
9.231,GW
9.289,GW
9.372,GW
9.386,GW
9.378,GW
9.447,GW
9.422,GW
9.406,GW
9.239,GW
9.092,GW
9.235,GW
9.787,GW
9.738,GW
9.336,GW
8.923,GW
8.399,GW
8.04,GW
7.783,GW
7.708,GW
7.646,GW
7.687,GW
8.159,GW
8.444,GW
8.806,GW
9.14,GW
9.239,GW
9.133,GW
9.278,GW
9.36,GW
9.457,GW
9.512,GW
9.548,GW
9.457,GW
9.221,GW
9.317,GW
9.775,GW
9.682,GW
9.262,GW
8.767,GW
8.262,GW
7.961,GW
7.719,GW
7.617,GW
7.589,GW
7.671,GW
8.156,GW
8.547,GW
8.908,GW
9.34,GW
9.457,GW
9.555,GW
9.625,GW
9.533,GW
9.596,GW
9.625,GW
9.559,GW
9.397,GW
9.207,GW
9.326,GW
9.748,GW
9.839,GW
9.322,GW
8.815,GW
8.359,GW
8.017,GW
7.818,GW
7.707,GW
7.78,GW
7.942,GW
8.459,GW
8.825,GW
9.149,GW
9.549,GW
9.677,GW
9.709,GW
9.715,GW
9.705,GW
9.755,GW
9.677,GW
9.548,GW
9.287,GW
9.147,GW
9.196,GW
9.603,GW
9.481,GW
9.141,GW
8.723,GW
8.323,GW
8.029,GW
7.772,GW
7.631,GW
7.549,GW
7.526,GW
7.549,GW
7.488,GW
7.817,GW
8.16,GW
8.471,GW
8.497,GW
8.557,GW
8.678,GW
8.701,GW
8.552,GW
8.414,GW
8.305,GW
8.219,GW
8.425,GW
8.877,GW
8.847,GW
8.634,GW
8.419,GW
8.053,GW
7.684,GW
7.432,GW
7.279,GW
7.2,GW
7.151,GW
7.163,GW
6.985,GW
7.137,GW
7.55,GW
7.892,GW
8.122,GW
8.237,GW
8.294,GW
8.256,GW
8.114,GW
8.11,GW
8.082,GW
8.171,GW
8.437,GW
9.132,GW
9.144,GW
8.862,GW
8.384,GW
8.038,GW
7.745,GW
7.537,GW
7.418,GW
7.352,GW
7.458,GW
7.933,GW
8.359,GW
8.733,GW
9.243,GW
9.498,GW
9.664,GW
9.586,GW
9.527,GW
9.575,GW
9.579,GW
9.505,GW
9.347,GW
9.171,GW
9.328,GW
9.818,GW
9.691,GW
9.291,GW
8.762,GW
8.291,GW
8.032,GW
7.76,GW
7.649,GW
7.672,GW
7.777,GW
8.249,GW
8.563,GW
8.834,GW
9.2,GW
9.44,GW
9.489,GW
9.46,GW
9.405,GW
9.435,GW
9.435,GW
9.37,GW
9.297,GW
9.033,GW
9.029,GW
9.657,GW
9.705,GW
9.351,GW
8.837,GW
8.314,GW
7.938,GW
7.703,GW
7.583,GW
7.657,GW
7.732,GW
8.164,GW
8.41,GW
8.71,GW
9.09,GW
9.217,GW
9.151,GW
9.15,GW
9.115,GW
9.129,GW
9.155,GW
9.049,GW
8.908,GW
8.755,GW
8.847,GW
9.461,GW
9.541,GW
9.167,GW
8.653,GW
8.165,GW
7.806,GW
7.567,GW
7.45,GW
7.387,GW
7.512,GW
7.958,GW
8.274,GW
8.711,GW
9.102,GW
9.23,GW
9.226,GW
9.202,GW
9.125,GW
9.27,GW
9.248,GW
9.213,GW
8.972,GW
8.756,GW
8.764,GW
9.314,GW
9.384,GW
9.102,GW
8.598,GW
8.121,GW
7.772,GW
7.512,GW
7.411,GW
7.373,GW
7.49,GW
7.935,GW
8.235,GW
8.675,GW
9.029,GW
9.166,GW
9.215,GW
9.248,GW
9.101,GW
9.134,GW
9.211,GW
9.159,GW
8.894,GW
8.613,GW
8.593,GW
9.116,GW
9.144,GW
8.887,GW
8.589,GW
8.226,GW
7.958,GW
7.612,GW
7.513,GW
7.478,GW
7.438,GW
7.436,GW
7.481,GW
7.851,GW
8.309,GW
8.594,GW
8.619,GW
8.568,GW
8.552,GW
8.504,GW
8.354,GW
8.273,GW
8.137,GW
8.006,GW
7.96,GW
8.519,GW
8.467,GW
8.263,GW
7.923,GW
7.648,GW
7.268,GW
7.031,GW
6.957,GW
6.87,GW
6.858,GW
6.8,GW
6.635,GW
6.702,GW
7.05,GW
7.373,GW
7.551,GW
7.643,GW
7.735,GW
7.726,GW
7.617,GW
7.509,GW
7.454,GW
7.507,GW
7.639,GW
8.277,GW
8.344,GW
7.985,GW
7.575,GW
7.169,GW
6.893,GW
6.645,GW
6.637,GW
6.536,GW
6.66,GW
6.691,GW
6.885,GW
7.402,GW
7.986,GW
8.283,GW
8.388,GW
8.379,GW
8.387,GW
8.312,GW
8.093,GW
7.821,GW
7.635,GW
7.588,GW
7.805,GW
8.316,GW
8.415,GW
8.134,GW
7.662,GW
7.26,GW
6.909,GW
6.715,GW
6.622,GW
6.593,GW
6.591,GW
6.817,GW
7.109,GW
7.649,GW
8.172,GW
8.499,GW
8.607,GW
8.686,GW
8.684,GW
8.695,GW
8.385,GW
8.04,GW
7.833,GW
7.662,GW
7.834,GW
8.51,GW
8.548,GW
8.268,GW
7.827,GW
7.34,GW
7.071,GW
6.899,GW
6.808,GW
6.788,GW
6.795,GW
7.031,GW
7.219,GW
7.829,GW
8.422,GW
8.665,GW
8.801,GW
8.827,GW
8.8,GW
8.695,GW
8.523,GW
8.193,GW
7.907,GW
7.815,GW
8.076,GW
8.517,GW
8.538,GW
8.299,GW
7.882,GW
7.549,GW
7.251,GW
7.06,GW
6.953,GW
6.921,GW
6.937,GW
7.246,GW
7.517,GW
8.112,GW
8.611,GW
8.772,GW
8.91,GW
8.996,GW
8.99,GW
8.956,GW
8.785,GW
8.496,GW
8.199,GW
8.015,GW
8.216,GW
8.768,GW
8.909,GW
8.586,GW
8.145,GW
7.76,GW
7.429,GW
7.243,GW
7.199,GW
7.203,GW
7.234,GW
7.476,GW
7.744,GW
8.381,GW
8.817,GW
9.086,GW
9.197,GW
9.217,GW
9.163,GW
9.131,GW
8.959,GW
8.678,GW
8.388,GW
8.261,GW
8.282,GW
8.817,GW
8.862,GW
8.598,GW
8.342,GW
8.007,GW
7.69,GW
7.438,GW
7.326,GW
7.293,GW
7.278,GW
7.368,GW
7.319,GW
7.668,GW
8.145,GW
8.461,GW
8.577,GW
8.647,GW
8.641,GW
8.5,GW
8.372,GW
8.197,GW
7.936,GW
7.893,GW
7.979,GW
8.557,GW
8.723,GW
8.479,GW
8.106,GW
7.723,GW
7.319,GW
7.1,GW
7.004,GW
6.994,GW
7.006,GW
6.96,GW
6.797,GW
6.923,GW
7.288,GW
7.581,GW
7.742,GW
7.884,GW
8.045,GW
7.973,GW
7.844,GW
7.747,GW
7.686,GW
7.849,GW
8.055,GW
8.586,GW
8.632,GW
8.386,GW
7.936,GW
7.588,GW
7.282,GW
7.096,GW
7.051,GW
7.088,GW
7.141,GW
7.473,GW
7.754,GW
8.237,GW
8.793,GW
9.171,GW
9.326,GW
9.255,GW
9.195,GW
9.134,GW
9.088,GW
9.049,GW
8.864,GW
8.646,GW
8.579,GW
9.06,GW
9.201,GW
8.923,GW
8.426,GW
8.04,GW
7.697,GW
7.498,GW
7.437,GW
7.383,GW
7.469,GW
7.774,GW
8.065,GW
8.574,GW
8.984,GW
9.258,GW
9.275,GW
9.259,GW
9.17,GW
9.246,GW
9.225,GW
8.992,GW
8.758,GW
8.48,GW
8.635,GW
9.09,GW
9.286,GW
8.985,GW
8.49,GW
8.027,GW
7.682,GW
7.397,GW
7.262,GW
7.224,GW
7.251,GW
7.51,GW
7.804,GW
8.331,GW
8.749,GW
8.93,GW
9.02,GW
9.006,GW
8.926,GW
8.9,GW
8.85,GW
8.742,GW
8.448,GW
8.225,GW
8.32,GW
8.725,GW
8.806,GW
8.574,GW
8.168,GW
7.749,GW
7.363,GW
7.091,GW
7.038,GW
7.05,GW
6.966,GW
7.009,GW
6.933,GW
7.201,GW
7.617,GW
7.892,GW
8.088,GW
8.132,GW
8.216,GW
8.198,GW
8.098,GW
8.017,GW
7.927,GW
7.92,GW
7.958,GW
8.332,GW
8.5,GW
8.383,GW
8.08,GW
7.794,GW
7.431,GW
7.161,GW
7.032,GW
6.961,GW
6.933,GW
6.89,GW
6.809,GW
7.048,GW
7.457,GW
7.757,GW
7.926,GW
8.048,GW
8.128,GW
8.058,GW
7.944,GW
7.8,GW
7.761,GW
7.76,GW
7.888,GW
8.328,GW
8.623,GW
8.427,GW
8.112,GW
7.803,GW
7.468,GW
7.221,GW
7.083,GW
7.053,GW
7.044,GW
7.058,GW
7.038,GW
7.323,GW
7.8,GW
8.136,GW
8.269,GW
8.332,GW
8.377,GW
8.317,GW
8.207,GW
8.128,GW
8.039,GW
8.028,GW
8.04,GW
8.495,GW
8.719,GW
8.531,GW
8.237,GW
7.867,GW
7.546,GW
7.25,GW
7.055,GW
7.013,GW
6.943,GW
6.809,GW
6.605,GW
6.736,GW
7.09,GW
7.37,GW
7.595,GW
7.729,GW
7.832,GW
7.792,GW
7.745,GW
7.743,GW
7.77,GW
7.803,GW
7.941,GW
8.467,GW
8.742,GW
8.476,GW
8.021,GW
7.645,GW
7.415,GW
7.223,GW
7.112,GW
7.132,GW
7.259,GW
7.683,GW
8.022,GW
8.606,GW
9.126,GW
9.353,GW
9.498,GW
9.526,GW
9.53,GW
9.551,GW
9.478,GW
9.386,GW
9.162,GW
8.889,GW
8.876,GW
9.296,GW
9.517,GW
9.209,GW
8.794,GW
8.358,GW
7.953,GW
7.751,GW
7.703,GW
7.687,GW
7.722,GW
7.995,GW
8.357,GW
8.834,GW
9.163,GW
9.226,GW
9.233,GW
9.22,GW
9.193,GW
9.313,GW
9.317,GW
9.259,GW
9.031,GW
8.817,GW
8.836,GW
9.264,GW
9.51,GW
9.22,GW
8.749,GW
8.248,GW
7.863,GW
7.675,GW
7.605,GW
7.593,GW
7.643,GW
8.012,GW
8.293,GW
8.715,GW
9.095,GW
9.275,GW
9.414,GW
9.483,GW
9.527,GW
9.645,GW
9.611,GW
9.543,GW
9.314,GW
9.155,GW
9.192,GW
9.385,GW
9.656,GW
9.35,GW
8.907,GW
8.394,GW
8.022,GW
7.79,GW
7.685,GW
7.644,GW
7.799,GW
8.062,GW
8.377,GW
8.867,GW
9.265,GW
9.446,GW
9.544,GW
9.643,GW
9.707,GW
9.828,GW
9.859,GW
9.833,GW
9.59,GW
9.231,GW
9.141,GW
9.46,GW
9.73,GW
9.426,GW
8.986,GW
8.603,GW
8.227,GW
8.021,GW
7.896,GW
7.847,GW
7.938,GW
8.239,GW
8.568,GW
9.121,GW
9.576,GW
9.761,GW
9.856,GW
9.79,GW
9.91,GW
9.928,GW
9.883,GW
9.697,GW
9.355,GW
9.188,GW
9.104,GW
9.405,GW
9.612,GW
9.393,GW
8.997,GW
8.658,GW
8.312,GW
8.122,GW
7.878,GW
7.79,GW
7.757,GW
7.769,GW
7.797,GW
8.2,GW
8.688,GW
8.98,GW
9.13,GW
9.161,GW
9.171,GW
9.105,GW
9,GW
8.946,GW
8.883,GW
8.769,GW
8.737,GW
9.071,GW
9.295,GW
9.048,GW
8.69,GW
8.326,GW
7.938,GW
7.684,GW
7.523,GW
7.415,GW
7.348,GW
7.233,GW
7.101,GW
7.261,GW
7.629,GW
7.924,GW
8.086,GW
8.281,GW
8.371,GW
8.35,GW
8.261,GW
8.138,GW
8.128,GW
8.167,GW
8.154,GW
8.601,GW
9.108,GW
8.905,GW
8.464,GW
8.101,GW
7.823,GW
7.573,GW
7.466,GW
7.44,GW
7.541,GW
7.847,GW
8.141,GW
8.753,GW
9.282,GW
9.584,GW
9.767,GW
9.852,GW
9.897,GW
9.966,GW
9.976,GW
9.925,GW
9.67,GW
9.436,GW
9.088,GW
9.415,GW
9.668,GW
9.329,GW
8.863,GW
8.449,GW
8.156,GW
7.889,GW
7.791,GW
7.738,GW
7.815,GW
8.035,GW
8.229,GW
8.736,GW
9.254,GW
9.468,GW
9.653,GW
9.758,GW
9.732,GW
9.594,GW
9.413,GW
9.178,GW
8.878,GW
8.671,GW
8.733,GW
8.992,GW
9.286,GW
9.082,GW
8.683,GW
8.224,GW
7.866,GW
7.667,GW
7.557,GW
7.51,GW
7.562,GW
7.824,GW
8.059,GW
8.536,GW
9.017,GW
9.247,GW
9.418,GW
9.531,GW
9.597,GW
9.739,GW
9.813,GW
9.778,GW
9.547,GW
9.2,GW
9.092,GW
9.388,GW
9.647,GW
9.373,GW
8.885,GW
8.438,GW
7.961,GW
7.817,GW
7.718,GW
7.672,GW
7.739,GW
8.015,GW
8.356,GW
8.908,GW
9.378,GW
9.581,GW
9.727,GW
9.81,GW
9.832,GW
9.936,GW
9.921,GW
9.79,GW
9.508,GW
9.239,GW
9.108,GW
9.192,GW
9.577,GW
9.325,GW
8.889,GW
8.499,GW
8.149,GW
7.888,GW
7.734,GW
7.747,GW
7.837,GW
8.078,GW
8.42,GW
9.034,GW
9.587,GW
9.802,GW
10.013,GW
10.021,GW
10.086,GW
10.217,GW
10.257,GW
10.124,GW
9.861,GW
9.584,GW
9.363,GW
9.523,GW
9.824,GW
9.593,GW
9.065,GW
8.809,GW
8.471,GW
8.235,GW
8.054,GW
7.995,GW
7.945,GW
7.917,GW
7.977,GW
8.457,GW
9.038,GW
9.394,GW
9.477,GW
9.628,GW
9.636,GW
9.545,GW
9.385,GW
9.27,GW
9.109,GW
8.972,GW
8.847,GW
9.084,GW
9.421,GW
9.167,GW
8.788,GW
8.447,GW
8.063,GW
7.809,GW
7.702,GW
7.618,GW
7.541,GW
7.402,GW
7.27,GW
7.435,GW
7.865,GW
8.176,GW
8.359,GW
8.516,GW
8.656,GW
8.654,GW
8.569,GW
8.462,GW
8.476,GW
8.515,GW
8.513,GW
8.845,GW
9.297,GW
9.088,GW
8.641,GW
8.28,GW
7.938,GW
7.77,GW
7.668,GW
7.625,GW
7.743,GW
8.054,GW
8.476,GW
9.066,GW
9.593,GW
9.893,GW
10.058,GW
10.126,GW
10.115,GW
10.312,GW
10.44,GW
10.422,GW
10.19,GW
9.883,GW
9.652,GW
9.782,GW
10.064,GW
9.74,GW
9.227,GW
8.862,GW
8.431,GW
8.197,GW
8.075,GW
8.047,GW
8.126,GW
8.392,GW
8.769,GW
9.338,GW
9.814,GW
10.089,GW
10.218,GW
10.275,GW
10.279,GW
10.422,GW
10.452,GW
10.367,GW
10.135,GW
9.73,GW
9.418,GW
9.572,GW
9.886,GW
9.605,GW
9.058,GW
8.623,GW
8.275,GW
7.986,GW
7.916,GW
7.921,GW
7.972,GW
8.19,GW
8.503,GW
8.999,GW
9.434,GW
9.761,GW
9.923,GW
9.882,GW
9.992,GW
10.135,GW
10.209,GW
10.098,GW
9.858,GW
9.506,GW
9.324,GW
9.471,GW
9.776,GW
9.423,GW
9.137,GW
8.862,GW
8.319,GW
8.063,GW
7.954,GW
7.883,GW
7.98,GW
8.175,GW
8.516,GW
9.143,GW
9.644,GW
9.797,GW
9.943,GW
9.888,GW
9.936,GW
10.064,GW
10.125,GW
10.067,GW
9.894,GW
9.549,GW
9.353,GW
9.441,GW
9.726,GW
9.453,GW
9.009,GW
8.591,GW
8.213,GW
7.969,GW
7.807,GW
7.785,GW
7.894,GW
8.117,GW
8.483,GW
9.064,GW
9.554,GW
9.631,GW
9.823,GW
9.788,GW
9.82,GW
10.058,GW
10.094,GW
9.948,GW
9.722,GW
9.392,GW
9.225,GW
9.377,GW
9.693,GW
9.38,GW
9.029,GW
8.652,GW
8.248,GW
8.106,GW
8.028,GW
8.007,GW
7.997,GW
7.952,GW
7.986,GW
8.426,GW
8.97,GW
9.234,GW
9.331,GW
9.363,GW
9.308,GW
9.259,GW
9.086,GW
8.953,GW
8.878,GW
8.745,GW
8.575,GW
8.869,GW
9.189,GW
8.911,GW
8.583,GW
8.117,GW
7.858,GW
7.539,GW
7.432,GW
7.336,GW
7.344,GW
7.277,GW
7.126,GW
7.363,GW
7.729,GW
8.004,GW
8.177,GW
8.311,GW
8.342,GW
8.321,GW
8.272,GW
8.203,GW
8.243,GW
8.272,GW
8.42,GW
8.712,GW
9.083,GW
8.931,GW
8.51,GW
8.173,GW
7.863,GW
7.654,GW
7.562,GW
7.532,GW
7.692,GW
7.984,GW
8.385,GW
8.938,GW
9.451,GW
9.657,GW
9.858,GW
9.863,GW
9.799,GW
9.843,GW
9.807,GW
9.727,GW
9.554,GW
9.26,GW
9.178,GW
9.37,GW
9.774,GW
9.494,GW
9.012,GW
8.54,GW
8.165,GW
7.936,GW
7.84,GW
7.827,GW
7.929,GW
8.158,GW
8.482,GW
8.938,GW
9.325,GW
9.525,GW
9.682,GW
9.592,GW
9.646,GW
9.855,GW
9.895,GW
9.748,GW
9.538,GW
9.342,GW
9.256,GW
9.504,GW
9.84,GW
9.506,GW
9.071,GW
8.577,GW
8.267,GW
8.035,GW
7.822,GW
7.829,GW
7.921,GW
8.132,GW
8.444,GW
8.882,GW
9.354,GW
9.584,GW
9.672,GW
9.751,GW
9.734,GW
9.892,GW
9.982,GW
9.896,GW
9.797,GW
9.569,GW
9.428,GW
9.534,GW
9.901,GW
9.607,GW
9.131,GW
8.66,GW
8.308,GW
8.09,GW
8.023,GW
8.002,GW
8.068,GW
8.249,GW
8.583,GW
9.065,GW
9.463,GW
9.641,GW
9.779,GW
9.953,GW
10.01,GW
10.138,GW
10.177,GW
10.113,GW
9.884,GW
9.557,GW
9.47,GW
9.513,GW
9.856,GW
9.491,GW
9.124,GW
8.61,GW
8.246,GW
7.959,GW
7.94,GW
8.019,GW
8.085,GW
8.351,GW
8.7,GW
9.26,GW
9.588,GW
9.869,GW
10.03,GW
10.097,GW
10.126,GW
10.143,GW
10.143,GW
10.067,GW
9.852,GW
9.587,GW
9.39,GW
9.466,GW
9.832,GW
9.657,GW
9.297,GW
8.882,GW
8.514,GW
8.205,GW
8.045,GW
7.932,GW
7.947,GW
7.878,GW
7.873,GW
8.294,GW
8.764,GW
9.042,GW
9.223,GW
9.251,GW
9.249,GW
9.177,GW
9.18,GW
9.014,GW
8.932,GW
8.869,GW
8.816,GW
8.917,GW
9.325,GW
9.117,GW
8.788,GW
8.397,GW
8.055,GW
7.767,GW
7.638,GW
7.562,GW
7.512,GW
7.348,GW
7.23,GW
7.449,GW
7.765,GW
8.068,GW
8.31,GW
8.45,GW
8.621,GW
8.637,GW
8.524,GW
8.422,GW
8.346,GW
8.38,GW
8.412,GW
8.631,GW
9.177,GW
9.006,GW
8.621,GW
8.25,GW
7.888,GW
7.7,GW
7.632,GW
7.675,GW
7.752,GW
8.072,GW
8.398,GW
8.929,GW
9.435,GW
9.652,GW
9.797,GW
9.902,GW
10,GW
10.167,GW
10.185,GW
10.105,GW
9.829,GW
9.494,GW
9.417,GW
9.448,GW
9.806,GW
9.61,GW
9.114,GW
8.613,GW
8.24,GW
7.93,GW
7.855,GW
7.846,GW
7.945,GW
8.183,GW
8.574,GW
9.168,GW
9.572,GW
9.762,GW
9.885,GW
9.966,GW
10.022,GW
10.124,GW
10.145,GW
10.116,GW
9.987,GW
9.654,GW
9.396,GW
9.497,GW
9.937,GW
9.729,GW
9.214,GW
8.701,GW
8.319,GW
8.116,GW
7.992,GW
7.949,GW
8.034,GW
8.275,GW
8.544,GW
8.967,GW
9.429,GW
9.657,GW
9.831,GW
9.908,GW
9.903,GW
10.056,GW
10.143,GW
10.102,GW
9.838,GW
9.502,GW
9.381,GW
9.478,GW
9.891,GW
9.716,GW
9.138,GW
8.771,GW
8.344,GW
8.098,GW
7.957,GW
7.918,GW
8.012,GW
8.192,GW
8.485,GW
8.983,GW
9.385,GW
9.513,GW
9.75,GW
9.885,GW
9.929,GW
10.077,GW
10.194,GW
10.159,GW
9.927,GW
9.544,GW
9.354,GW
9.414,GW
9.846,GW
9.695,GW
9.277,GW
8.754,GW
8.349,GW
8.069,GW
7.949,GW
7.925,GW
8.032,GW
8.229,GW
8.649,GW
9.248,GW
9.724,GW
9.927,GW
10.083,GW
10.18,GW
10.224,GW
10.343,GW
10.318,GW
10.249,GW
9.958,GW
9.694,GW
9.469,GW
9.485,GW
9.879,GW
9.697,GW
9.319,GW
8.875,GW
8.531,GW
8.245,GW
8.091,GW
8.032,GW
8.042,GW
7.973,GW
8.025,GW
8.399,GW
8.874,GW
9.155,GW
9.232,GW
9.261,GW
9.283,GW
9.234,GW
9.115,GW
9.059,GW
8.997,GW
8.867,GW
8.851,GW
8.875,GW
9.289,GW
9.129,GW
8.792,GW
8.435,GW
8.011,GW
7.771,GW
7.618,GW
7.546,GW
7.486,GW
7.312,GW
7.188,GW
7.4,GW
7.783,GW
8.11,GW
8.306,GW
8.458,GW
8.657,GW
8.673,GW
8.599,GW
8.586,GW
8.556,GW
8.556,GW
8.586,GW
8.783,GW
9.33,GW
9.248,GW
8.787,GW
8.427,GW
8.089,GW
7.839,GW
7.696,GW
7.69,GW
7.829,GW
8.068,GW
8.479,GW
9.105,GW
9.6,GW
9.858,GW
9.967,GW
10.162,GW
10.159,GW
10.341,GW
10.379,GW
10.272,GW
10.103,GW
9.77,GW
9.635,GW
9.698,GW
10.147,GW
9.925,GW
9.389,GW
8.897,GW
8.44,GW
8.222,GW
8.083,GW
8.057,GW
8.091,GW
8.262,GW
8.597,GW
9.206,GW
9.707,GW
9.918,GW
10.022,GW
10.142,GW
10.233,GW
10.387,GW
10.546,GW
10.518,GW
10.263,GW
9.874,GW
9.675,GW
9.706,GW
10.049,GW
9.787,GW
9.308,GW
8.917,GW
8.549,GW
8.292,GW
8.164,GW
8.192,GW
8.26,GW
8.364,GW
8.677,GW
9.21,GW
9.667,GW
9.886,GW
10.033,GW
10.133,GW
10.184,GW
10.301,GW
10.354,GW
10.247,GW
10.053,GW
9.799,GW
9.613,GW
9.623,GW
10.096,GW
9.99,GW
9.536,GW
9.029,GW
8.628,GW
8.338,GW
8.237,GW
8.202,GW
8.291,GW
8.461,GW
8.769,GW
9.322,GW
9.74,GW
9.949,GW
10.125,GW
10.239,GW
10.327,GW
10.444,GW
10.559,GW
10.577,GW
10.346,GW
10.095,GW
9.848,GW
9.907,GW
10.328,GW
10.078,GW
9.613,GW
9.127,GW
8.698,GW
8.396,GW
8.265,GW
8.239,GW
8.339,GW
8.496,GW
8.819,GW
9.37,GW
9.887,GW
10.031,GW
10.107,GW
10.185,GW
10.248,GW
10.362,GW
10.419,GW
10.289,GW
10.061,GW
9.758,GW
9.629,GW
9.683,GW
10.111,GW
9.883,GW
9.481,GW
9.094,GW
8.695,GW
8.438,GW
8.262,GW
8.078,GW
8.106,GW
8.066,GW
8.098,GW
8.567,GW
9.038,GW
9.32,GW
9.496,GW
9.514,GW
9.404,GW
9.342,GW
9.193,GW
9.117,GW
8.937,GW
8.859,GW
8.881,GW
8.927,GW
9.382,GW
9.235,GW
8.872,GW
8.551,GW
8.145,GW
7.912,GW
7.695,GW
7.589,GW
7.52,GW
7.296,GW
7.218,GW
7.458,GW
7.879,GW
8.262,GW
8.378,GW
8.469,GW
8.579,GW
8.588,GW
8.523,GW
8.555,GW
8.422,GW
8.531,GW
8.511,GW
8.704,GW
9.208,GW
9.234,GW
8.864,GW
8.435,GW
8.104,GW
7.852,GW
7.796,GW
7.803,GW
7.893,GW
8.093,GW
8.436,GW
9.13,GW
9.716,GW
9.948,GW
10.132,GW
10.209,GW
10.283,GW
10.474,GW
10.579,GW
10.513,GW
10.385,GW
10.075,GW
9.88,GW
9.879,GW
10.334,GW
10.153,GW
9.701,GW
9.179,GW
8.682,GW
8.352,GW
8.218,GW
8.15,GW
8.172,GW
8.29,GW
8.618,GW
9.227,GW
9.715,GW
10.016,GW
10.133,GW
10.179,GW
10.256,GW
10.378,GW
10.477,GW
10.453,GW
10.301,GW
10.003,GW
9.78,GW
9.736,GW
10.17,GW
10.014,GW
9.569,GW
9.044,GW
8.547,GW
8.244,GW
8.167,GW
8.127,GW
8.122,GW
8.273,GW
8.545,GW
9.082,GW
9.608,GW
9.86,GW
10.049,GW
10.13,GW
10.154,GW
10.31,GW
10.362,GW
10.344,GW
10.149,GW
9.865,GW
9.607,GW
9.629,GW
10.092,GW
9.935,GW
9.538,GW
8.999,GW
8.559,GW
8.259,GW
8.089,GW
8.035,GW
8.112,GW
8.307,GW
8.63,GW
9.202,GW
9.603,GW
9.798,GW
9.863,GW
9.945,GW
10.031,GW
10.167,GW
10.189,GW
10.101,GW
9.873,GW
9.643,GW
9.396,GW
9.483,GW
9.95,GW
9.847,GW
9.354,GW
8.855,GW
8.418,GW
8.15,GW
8.166,GW
8.091,GW
8.23,GW
8.452,GW
8.778,GW
9.359,GW
9.756,GW
9.959,GW
10.127,GW
10.221,GW
10.308,GW
10.483,GW
10.493,GW
10.485,GW
10.263,GW
9.997,GW
9.831,GW
9.823,GW
10.269,GW
10.123,GW
9.714,GW
9.299,GW
8.901,GW
8.571,GW
8.4,GW
8.306,GW
8.204,GW
8.209,GW
8.278,GW
8.655,GW
9.188,GW
9.457,GW
9.559,GW
9.634,GW
9.641,GW
9.611,GW
9.557,GW
9.429,GW
9.397,GW
9.358,GW
9.27,GW
9.417,GW
9.731,GW
9.559,GW
9.259,GW
8.825,GW
8.428,GW
8.141,GW
7.922,GW
7.847,GW
7.802,GW
7.652,GW
7.56,GW
7.685,GW
8.099,GW
8.504,GW
8.679,GW
8.917,GW
9.034,GW
9.081,GW
9.034,GW
8.967,GW
8.911,GW
8.904,GW
8.901,GW
8.981,GW
9.588,GW
9.549,GW
9.174,GW
8.814,GW
8.387,GW
8.09,GW
7.941,GW
7.932,GW
7.986,GW
8.165,GW
8.556,GW
9.311,GW
9.877,GW
10.152,GW
10.349,GW
10.423,GW
10.543,GW
10.693,GW
10.76,GW
10.798,GW
10.574,GW
10.234,GW
10.016,GW
9.945,GW
10.444,GW
10.343,GW
9.973,GW
9.501,GW
9.024,GW
8.677,GW
8.514,GW
8.423,GW
8.444,GW
8.604,GW
8.842,GW
9.474,GW
9.957,GW
10.182,GW
10.243,GW
10.16,GW
10.026,GW
9.86,GW
9.678,GW
9.421,GW
9.238,GW
9.074,GW
8.965,GW
8.883,GW
9.502,GW
9.264,GW
8.732,GW
8.362,GW
8.161,GW
7.938,GW
7.72,GW
7.546,GW
7.426,GW
7.223,GW
7.028,GW
7.137,GW
7.421,GW
7.748,GW
7.947,GW
8.153,GW
8.26,GW
8.303,GW
8.205,GW
8.165,GW
8.116,GW
8.082,GW
8.183,GW
8.302,GW
8.974,GW
9.006,GW
8.616,GW
8.312,GW
7.967,GW
7.708,GW
7.554,GW
7.587,GW
7.717,GW
7.902,GW
8.277,GW
8.99,GW
9.574,GW
9.812,GW
10.073,GW
10.242,GW
10.353,GW
10.513,GW
10.555,GW
10.523,GW
10.345,GW
10.113,GW
9.885,GW
9.855,GW
10.26,GW
10.163,GW
9.686,GW
9.135,GW
8.702,GW
8.453,GW
8.312,GW
8.231,GW
8.267,GW
8.437,GW
8.748,GW
9.292,GW
9.837,GW
10.149,GW
10.347,GW
10.443,GW
10.487,GW
10.668,GW
10.728,GW
10.598,GW
10.365,GW
10.079,GW
9.882,GW
9.898,GW
10.238,GW
10.157,GW
9.744,GW
9.287,GW
8.88,GW
8.556,GW
8.381,GW
8.3,GW
8.295,GW
8.285,GW
8.34,GW
8.663,GW
9.178,GW
9.591,GW
9.772,GW
9.847,GW
9.903,GW
9.925,GW
9.847,GW
9.721,GW
9.579,GW
9.516,GW
9.497,GW
9.506,GW
9.841,GW
9.783,GW
9.453,GW
9.029,GW
8.632,GW
8.288,GW
8.08,GW
7.922,GW
7.78,GW
7.701,GW
7.621,GW
7.81,GW
8.169,GW
8.559,GW
8.829,GW
9.011,GW
9.197,GW
9.203,GW
9.144,GW
9.033,GW
8.93,GW
8.886,GW
8.955,GW
9.096,GW
9.539,GW
9.58,GW
9.231,GW
8.814,GW
8.486,GW
8.175,GW
8.001,GW
7.964,GW
8.007,GW
8.237,GW
8.546,GW
9.223,GW
9.808,GW
10.059,GW
10.269,GW
10.379,GW
10.518,GW
10.682,GW
10.737,GW
10.662,GW
10.446,GW
10.153,GW
9.893,GW
9.831,GW
10.2,GW
10.16,GW
9.795,GW
9.268,GW
8.803,GW
8.439,GW
8.28,GW
8.222,GW
8.211,GW
8.336,GW
8.563,GW
9.24,GW
9.773,GW
9.917,GW
10.074,GW
10.043,GW
9.97,GW
9.803,GW
9.697,GW
9.516,GW
9.347,GW
9.092,GW
8.972,GW
9.056,GW
9.433,GW
9.221,GW
8.694,GW